,Name,Explanation,backbone,batch_size,dataset,epochs,frozen_feature_extractor,lr,start_time,test_accuracy,test_average_precision,reduced,test_balanced_accuracy,record,softmax,execution_time,augment_prob,cosine,pretrained,accuracy,best_iteration,feature_extractor,model,n_iterations,n_shot,n_way,optimizer,task,augment,base_classes,eval_period,train_n_way,checkpoint_dir,comment,full_name,output_dir,screen_name,session_dir,test_ts_steps,train_ts_steps,all_global_prototypes,image_size,balanced_batches,val_batch_size,dataset_classes
0,Null,To make data frame not empty,,,,,,,,,,,,,,,,,,,,,,,,,,,,,,,,,,,,,,,,,,,
1,ResNet18GTSRB_050385-10-33-22-18-10-2019,,ResNet18,256.0,GTSRB,40.0,1.0,0.001,Fri Oct 18 22:33:10 2019,0.3189262354651163,0.20661256685900647,,,,,,,,,,,,,,,,,,,,,,,,,,,,,,,,,,
2,ResNet18GTSRB_378189-37-02-23-18-10-2019,,ResNet18,256.0,GTSRB,40.0,0.0,0.001,Fri Oct 18 23:02:37 2019,0.7683793604651163,0.7970426965466424,,,,,,,,,,,,,,,,,,,,,,,,,,,,,,,,,,
3,ResNet18CIFAR10_589603-42-34-23-18-10-2019,,ResNet18,256.0,CIFAR10,40.0,1.0,0.001,Fri Oct 18 23:34:42 2019,0.45087890625,0.3766949557011957,,,,,,,,,,,,,,,,,,,,,,,,,,,,,,,,,,
4,ResNet18CIFAR10_901102-50-51-23-18-10-2019,,ResNet18,256.0,CIFAR10,40.0,0.0,0.001,Fri Oct 18 23:51:50 2019,0.73349609375,0.7553865611053221,,,,,,,,,,,,,,,,,,,,,,,,,,,,,,,,,,
5,ResNet18_100%_CIFAR10_788687-40-29-20-19-10-2019,,ResNet18,256.0,CIFAR10,50.0,1.0,0.001,Sat Oct 19 20:29:40 2019,0.35244140625,,1.0,0.3487874978636741,,,,,,,,,,,,,,,,,,,,,,,,,,,,,,,,
6,ResNet18_100%_CIFAR10_455143-41-07-00-20-10-2019,,ResNet18,256.0,CIFAR10,2.0,1.0,0.001,Sun Oct 20 00:07:41 2019,0.127734375,,1.0,0.1279194313833383,0.0,,,,,,,,,,,,,,,,,,,,,,,,,,,,,,,
7,ResNet18_100%_CIFAR10_784331-01-10-00-20-10-2019,,ResNet18,256.0,CIFAR10,2.0,1.0,0.001,Sun Oct 20 00:10:01 2019,0.1224609375,,1.0,0.1216698877458215,0.0,,,,,,,,,,,,,,,,,,,,,,,,,,,,,,,
8,ResNet18_90%_CIFAR10_723078-17-11-00-20-10-2019,,ResNet18,230.0,CIFAR10,2.0,1.0,0.001,Sun Oct 20 00:11:17 2019,0.10402173913043478,,0.9,0.10485692393981046,0.0,,,,,,,,,,,,,,,,,,,,,,,,,,,,,,,
9,ResNet18_100%_GTSRB_067456-54-13-00-20-10-2019,,ResNet18,256.0,GTSRB,2.0,1.0,0.001,Sun Oct 20 00:13:54 2019,0.03858103197674419,,1.0,0.033688305721781456,0.0,,,,,,,,,,,,,,,,,,,,,,,,,,,,,,,
10,ResNet18_90%_GTSRB_244258-22-16-00-20-10-2019,,ResNet18,230.0,GTSRB,2.0,1.0,0.001,Sun Oct 20 00:16:22 2019,0.016270730614074403,,0.9,0.016524365561887182,0.0,,,,,,,,,,,,,,,,,,,,,,,,,,,,,,,
11,ResNet18_5_GTSRB_627713-38-42-00-20-10-2019,,ResNet18,256.0,GTSRB,1.0,1.0,0.001,Sun Oct 20 00:42:38 2019,0.010234375,,5.0,0.009016942684752094,0.0,,,,,,,,,,,,,,,,,,,,,,,,,,,,,,,
12,ResNet18_5_CIFAR10_877866-23-46-00-20-10-2019,,ResNet18,256.0,CIFAR10,1.0,1.0,0.001,Sun Oct 20 00:46:23 2019,0.107421875,,5.0,0.1071710113267363,0.0,,,,,,,,,,,,,,,,,,,,,,,,,,,,,,,
13,ResNet18_1_CIFAR10_801517-10-47-00-20-10-2019,,ResNet18,256.0,CIFAR10,1.0,1.0,0.001,Sun Oct 20 00:47:10 2019,0.12001953125,,1.0,0.11803839429757768,0.0,,,,,,,,,,,,,,,,,,,,,,,,,,,,,,,
14,ResNet18_100%_CIFAR10_187546-44-49-00-20-10-2019,,ResNet18,256.0,CIFAR10,1.0,1.0,0.001,Sun Oct 20 00:49:44 2019,0.117578125,,0.0,0.11759527870824328,0.0,,,,,,,,,,,,,,,,,,,,,,,,,,,,,,,
15,ResNet18_100%_CIFAR10_043286-24-51-00-20-10-2019,,ResNet18,256.0,CIFAR10,1.0,1.0,0.001,Sun Oct 20 00:51:24 2019,0.116796875,,0.0,0.11687290027431622,0.0,,,,,,,,,,,,,,,,,,,,,,,,,,,,,,,
16,ResNet18_50%_CIFAR10_179796-21-52-00-20-10-2019,,ResNet18,128.0,CIFAR10,1.0,1.0,0.001,Sun Oct 20 00:52:21 2019,0.1115506329113924,,0.5,0.11211485740405508,0.0,,,,,,,,,,,,,,,,,,,,,,,,,,,,,,,
17,ResNet18_5_CIFAR10_548338-09-53-00-20-10-2019,,ResNet18,256.0,CIFAR10,1.0,1.0,0.001,Sun Oct 20 00:53:09 2019,0.1107421875,,5.0,0.11068349076312688,0.0,,,,,,,,,,,,,,,,,,,,,,,,,,,,,,,
18,ResNet18_1_CIFAR10_501766-53-53-00-20-10-2019,,ResNet18,256.0,CIFAR10,1.0,1.0,0.001,Sun Oct 20 00:53:53 2019,0.112890625,,1.0,0.11520825267559365,0.0,,,,,,,,,,,,,,,,,,,,,,,,,,,,,,,
19,ResNet18_100%_GTSRB_169099-36-54-00-20-10-2019,,ResNet18,256.0,GTSRB,1.0,1.0,0.001,Sun Oct 20 00:54:36 2019,0.020625,,0.0,0.020573522601380657,0.0,,,,,,,,,,,,,,,,,,,,,,,,,,,,,,,
20,ResNet18_50%_GTSRB_958557-24-56-00-20-10-2019,,ResNet18,128.0,GTSRB,1.0,1.0,0.001,Sun Oct 20 00:56:24 2019,0.01842553441390651,,0.5,0.02327073756095341,0.0,,,,,,,,,,,,,,,,,,,,,,,,,,,,,,,
21,ResNet18_5_GTSRB_958558-25-57-00-20-10-2019,,ResNet18,256.0,GTSRB,1.0,1.0,0.001,Sun Oct 20 00:57:25 2019,0.03468023255813954,,5.0,0.024598254832546355,0.0,,,,,,,,,,,,,,,,,,,,,,,,,,,,,,,
22,ResNet18_1_GTSRB_463371-14-58-00-20-10-2019,,ResNet18,256.0,GTSRB,1.0,1.0,0.001,Sun Oct 20 00:58:14 2019,0.03694585755813953,,1.0,0.040109266187666484,0.0,,,,,,,,,,,,,,,,,,,,,,,,,,,,,,,
23,ResNet18_100%_CIFAR10_735241-21-03-01-20-10-2019,,ResNet18,256.0,CIFAR10,40.0,1.0,0.001,Sun Oct 20 01:03:21 2019,0.29931640625,,0.0,0.30046078012587435,1.0,,,,,,,,,,,,,,,,,,,,,,,,,,,,,,,
24,ResNet18_90%_CIFAR10_446139-19-19-01-20-10-2019,,ResNet18,230.0,CIFAR10,40.0,1.0,0.001,Sun Oct 20 01:19:19 2019,0.3137172116421128,,0.1,0.312464584204583,1.0,,,,,,,,,,,,,,,,,,,,,,,,,,,,,,,
25,ResNet18_80%_CIFAR10_068210-53-34-01-20-10-2019,,ResNet18,204.0,CIFAR10,40.0,1.0,0.001,Sun Oct 20 01:34:53 2019,0.308921568627451,,0.2,0.30854258915692045,1.0,,,,,,,,,,,,,,,,,,,,,,,,,,,,,,,
26,ResNet18_70%_CIFAR10_051160-19-50-01-20-10-2019,,ResNet18,179.0,CIFAR10,40.0,1.0,0.001,Sun Oct 20 01:50:19 2019,0.3173744303992997,,0.30000000000000004,0.3156779821292753,1.0,,,,,,,,,,,,,,,,,,,,,,,,,,,,,,,
27,ResNet18_60%_CIFAR10_366399-05-08-02-20-10-2019,,ResNet18,153.0,CIFAR10,40.0,1.0,0.001,Sun Oct 20 02:08:05 2019,0.2849241073840005,,0.4,0.2856108295461904,1.0,,,,,,,,,,,,,,,,,,,,,,,,,,,,,,,
28,ResNet18_50%_CIFAR10_417475-15-25-02-20-10-2019,,ResNet18,128.0,CIFAR10,40.0,1.0,0.001,Sun Oct 20 02:25:15 2019,0.322685917721519,,0.5,0.3208828811445056,1.0,,,,,,,,,,,,,,,,,,,,,,,,,,,,,,,
29,ResNet18_39%_CIFAR10_073378-18-39-02-20-10-2019,,ResNet18,102.0,CIFAR10,40.0,1.0,0.001,Sun Oct 20 02:39:18 2019,0.30704099821746883,,0.6000000000000001,0.30799429870582234,1.0,,,,,,,,,,,,,,,,,,,,,,,,,,,,,,,
30,ResNet18_29%_CIFAR10_446325-55-54-02-20-10-2019,,ResNet18,76.0,CIFAR10,40.0,1.0,0.001,Sun Oct 20 02:54:55 2019,0.3180730752501089,,0.7000000000000001,0.3167230386921787,1.0,,,,,,,,,,,,,,,,,,,,,,,,,,,,,,,
31,ResNet18_19%_CIFAR10_035741-59-08-03-20-10-2019,,ResNet18,51.0,CIFAR10,40.0,1.0,0.001,Sun Oct 20 03:08:59 2019,0.32405195580770385,,0.8,0.3249139263944677,1.0,,,,,,,,,,,,,,,,,,,,,,,,,,,,,,,
32,ResNet18_9%_CIFAR10_739337-24-23-03-20-10-2019,,ResNet18,25.0,CIFAR10,40.0,1.0,0.001,Sun Oct 20 03:23:24 2019,0.3195999999999993,,0.9,0.3159401191263544,1.0,,,,,,,,,,,,,,,,,,,,,,,,,,,,,,,
33,ResNet18_50_CIFAR10_833875-37-39-03-20-10-2019,,ResNet18,256.0,CIFAR10,100.0,1.0,0.001,Sun Oct 20 03:39:37 2019,0.11474609375,,50.0,0.1152345539901452,1.0,,,,,,,,,,,,,,,,,,,,,,,,,,,,,,,
34,ResNet18_20_CIFAR10_736546-05-06-04-20-10-2019,,ResNet18,256.0,CIFAR10,150.0,1.0,0.001,Sun Oct 20 04:06:05 2019,0.10068359375,,20.0,0.1017718254702922,1.0,,,,,,,,,,,,,,,,,,,,,,,,,,,,,,,
35,ResNet18_10_CIFAR10_057083-40-45-04-20-10-2019,,ResNet18,256.0,CIFAR10,200.0,1.0,0.001,Sun Oct 20 04:45:40 2019,0.10888671875,,10.0,0.10933952174356658,1.0,,,,,,,,,,,,,,,,,,,,,,,,,,,,,,,
36,ResNet18_5_CIFAR10_464051-00-38-05-20-10-2019,,ResNet18,256.0,CIFAR10,400.0,1.0,0.001,Sun Oct 20 05:38:00 2019,0.12509765625,,5.0,0.12542951701138774,1.0,,,,,,,,,,,,,,,,,,,,,,,,,,,,,,,
37,ResNet18_1_CIFAR10_801769-22-22-07-20-10-2019,,ResNet18,256.0,CIFAR10,400.0,1.0,0.001,Sun Oct 20 07:22:22 2019,0.10869140625,,1.0,0.10882566854751294,1.0,,,,,,,,,,,,,,,,,,,,,,,,,,,,,,,
38,ResNet18_100%_CIFAR10_970207-55-34-10-20-10-2019,,ResNet18,256.0,CIFAR10,40.0,1.0,0.001,Sun Oct 20 10:34:55 2019,0.32958984375,,0.0,0.3301185083428576,0.0,,,,,,,,,,,,,,,,,,,,,,,,,,,,,,,
39,ResNet18_100%_CIFAR10_867471-34-57-10-20-10-2019,,ResNet18,256.0,CIFAR10,100.0,1.0,0.001,Sun Oct 20 10:57:34 2019,0.37158203125,,0.0,0.3733592457553835,0.0,,,,,,,,,,,,,,,,,,,,,,,,,,,,,,,
40,ResNet18_80%_CIFAR10_984630-46-36-11-20-10-2019,,ResNet18,204.0,CIFAR10,100.0,1.0,0.001,Sun Oct 20 11:36:47 2019,0.37421875,,0.2,0.3742205020969098,0.0,,,,,,,,,,,,,,,,,,,,,,,,,,,,,,,
41,ResNet18_60%_CIFAR10_578265-26-14-12-20-10-2019,,ResNet18,153.0,CIFAR10,100.0,1.0,0.001,Sun Oct 20 12:14:26 2019,0.37841796875,,0.4,0.3774724973151848,0.0,,,,,,,,,,,,,,,,,,,,,,,,,,,,,,,
42,ResNet18_39%_CIFAR10_341501-11-56-12-20-10-2019,,ResNet18,102.0,CIFAR10,100.0,1.0,0.001,Sun Oct 20 12:56:11 2019,0.3849609375,,0.6000000000000001,0.3848321017824549,0.0,,,,,,,,,,,,,,,,,,,,,,,,,,,,,,,
43,ResNet18_100%_CIFAR10_824633-24-09-14-20-10-2019,,ResNet18,256.0,CIFAR10,50.0,1.0,0.0003,Sun Oct 20 14:09:24 2019,0.4083984375,,0.0,0.407716914178158,0.0,0.0,,,,,,,,,,,,,,,,,,,,,,,,,,,,,,
44,ResNet18_80%_CIFAR10_509736-19-29-14-20-10-2019,,ResNet18,204.0,CIFAR10,50.0,1.0,0.0003,Sun Oct 20 14:29:19 2019,0.41474609375,,0.2,0.4147165653739277,0.0,0.0,,,,,,,,,,,,,,,,,,,,,,,,,,,,,,
45,ResNet18_60%_CIFAR10_229593-21-48-14-20-10-2019,,ResNet18,153.0,CIFAR10,50.0,1.0,0.0003,Sun Oct 20 14:48:21 2019,0.40966796875,,0.4,0.4100343998843819,0.0,0.0,,,,,,,,,,,,,,,,,,,,,,,,,,,,,,
46,ResNet18_39%_CIFAR10_281932-39-08-15-20-10-2019,,ResNet18,102.0,CIFAR10,50.0,1.0,0.0003,Sun Oct 20 15:08:39 2019,0.4140625,,0.6000000000000001,0.41480443062700506,0.0,0.0,,,,,,,,,,,,,,,,,,,,,,,,,,,,,,
47,ResNet18_19%_CIFAR10_298141-51-26-15-20-10-2019,,ResNet18,51.0,CIFAR10,50.0,1.0,0.0003,Sun Oct 20 15:26:51 2019,0.4095703125,,0.8,0.41044992015392295,0.0,0.0,,,,,,,,,,,,,,,,,,,,,,,,,,,,,,
48,ResNet18_9%_CIFAR10_224874-02-43-15-20-10-2019,,ResNet18,25.0,CIFAR10,50.0,1.0,0.0003,Sun Oct 20 15:43:02 2019,0.3943359375,,0.9,0.3933783950486174,0.0,0.0,,,,,,,,,,,,,,,,,,,,,,,,,,,,,,
49,ResNet18_7%_CIFAR10_549398-56-58-15-20-10-2019,,ResNet18,20.0,CIFAR10,50.0,1.0,0.0003,Sun Oct 20 15:58:56 2019,0.3892578125,,0.92,0.3864259174129975,0.0,0.0,,,,,,,,,,,,,,,,,,,,,,,,,,,,,,
50,ResNet18_5%_CIFAR10_104586-27-28-16-20-10-2019,,ResNet18,15.0,CIFAR10,50.0,1.0,0.0003,Sun Oct 20 16:28:27 2019,0.38935546875,,0.94,0.3876555767574553,0.0,0.0,,,,,,,,,,,,,,,,,,,,,,,,,,,,,,
51,ResNet18_3%_CIFAR10_739412-51-57-16-20-10-2019,,ResNet18,10.0,CIFAR10,50.0,1.0,0.0003,Sun Oct 20 16:57:51 2019,0.36357421875,,0.96,0.3643709572711641,0.0,0.0,,,,,,,,,,,,,,,,,,,,,,,,,,,,,,
52,ResNet18_1%_CIFAR10_942498-11-13-17-20-10-2019,,ResNet18,5.0,CIFAR10,50.0,1.0,0.0003,Sun Oct 20 17:13:11 2019,0.3080078125,,0.98,0.30784977644035577,0.0,0.0,,,,,,,,,,,,,,,,,,,,,,,,,,,,,,
53,ResNet18_100%_GTSRB_749808-35-28-17-20-10-2019,,ResNet18,256.0,GTSRB,50.0,1.0,0.0003,Sun Oct 20 17:28:35 2019,0.27550508720930234,,0.0,0.15846152656275087,0.0,0.0,,,,,,,,,,,,,,,,,,,,,,,,,,,,,,
54,ResNet18_80%_GTSRB_501907-16-04-18-20-10-2019,,ResNet18,204.0,GTSRB,50.0,1.0,0.0003,Sun Oct 20 18:04:16 2019,0.27738372093023256,,0.2,0.15733577447558486,0.0,0.0,,,,,,,,,,,,,,,,,,,,,,,,,,,,,,
55,ResNet18_60%_GTSRB_561863-24-35-18-20-10-2019,,ResNet18,153.0,GTSRB,50.0,1.0,0.0003,Sun Oct 20 18:35:24 2019,0.2777616279069768,,0.4,0.1638088371204742,0.0,0.0,,,,,,,,,,,,,,,,,,,,,,,,,,,,,,
56,ResNet18_39%_GTSRB_105308-46-02-19-20-10-2019,,ResNet18,102.0,GTSRB,50.0,1.0,0.0003,Sun Oct 20 19:02:46 2019,0.2829887354651163,,0.6000000000000001,0.1674412983786363,0.0,0.0,,,,,,,,,,,,,,,,,,,,,,,,,,,,,,
57,ResNet18_19%_GTSRB_297519-39-26-19-20-10-2019,,ResNet18,51.0,GTSRB,50.0,1.0,0.0003,Sun Oct 20 19:26:39 2019,0.2855741279069768,,0.8,0.1676075369580769,0.0,0.0,,,,,,,,,,,,,,,,,,,,,,,,,,,,,,
58,ResNet18_9%_GTSRB_630603-49-46-19-20-10-2019,,ResNet18,25.0,GTSRB,50.0,1.0,0.0003,Sun Oct 20 19:46:49 2019,0.28074309593023256,,0.9,0.16819222467912026,0.0,0.0,,,,,,,,,,,,,,,,,,,,,,,,,,,,,,
59,ResNet18_7%_GTSRB_593937-01-05-20-20-10-2019,,ResNet18,20.0,GTSRB,50.0,1.0,0.0003,Sun Oct 20 20:05:01 2019,0.2773691860465116,,0.92,0.16133116374822368,0.0,0.0,,,,,,,,,,,,,,,,,,,,,,,,,,,,,,
60,ResNet18_5%_GTSRB_812114-13-34-20-20-10-2019,,ResNet18,15.0,GTSRB,50.0,1.0,0.0003,Sun Oct 20 20:34:13 2019,0.26324127906976746,,0.94,0.1539598247165766,0.0,0.0,,,,,,,,,,,,,,,,,,,,,,,,,,,,,,
61,ResNet18_3%_GTSRB_928166-34-03-21-20-10-2019,,ResNet18,10.0,GTSRB,50.0,1.0,0.0003,Sun Oct 20 21:03:35 2019,0.24894440406976745,,0.96,0.14834628410585854,0.0,0.0,,,,,,,,,,,,,,,,,,,,,,,,,,,,,,
62,ResNet18_1%_GTSRB_859279-43-21-21-20-10-2019,,ResNet18,5.0,GTSRB,50.0,1.0,0.0003,Sun Oct 20 21:21:43 2019,0.21355559593023246,,0.98,0.12820359766555664,0.0,0.0,,,,,,,,,,,,,,,,,,,,,,,,,,,,,,
63,ResNet18_5_GTSRB_101875-46-08-23-20-10-2019,,ResNet18,16.0,GTSRB,400.0,1.0,0.0003,Sun Oct 20 23:08:46 2019,0.14278524709302326,,5.0,0.14928896655365986,1.0,0.0,,,,,,,,,,,,,,,,,,,,,,,,,,,,,,
64,ResNet18_1_GTSRB_179383-39-21-01-21-10-2019,,ResNet18,16.0,GTSRB,400.0,1.0,0.0003,Mon Oct 21 01:21:39 2019,0.0603797238372093,,1.0,0.06121652665415547,1.0,0.0,,,,,,,,,,,,,,,,,,,,,,,,,,,,,,
65,ResNet18_5_CIFAR10_137474-32-24-03-21-10-2019,,ResNet18,16.0,CIFAR10,400.0,1.0,0.0003,Mon Oct 21 03:24:32 2019,0.1826171875,,5.0,0.1813464043473372,1.0,0.0,,,,,,,,,,,,,,,,,,,,,,,,,,,,,,
66,ResNet18_1_CIFAR10_420269-20-08-05-21-10-2019,,ResNet18,16.0,CIFAR10,400.0,1.0,0.0003,Mon Oct 21 05:08:20 2019,0.1166015625,,1.0,0.11595806263548016,1.0,0.0,,,,,,,,,,,,,,,,,,,,,,,,,,,,,,
67,ResNet18_100%_GTSRB_906387-03-50-06-21-10-2019,,ResNet18,256.0,GTSRB,50.0,1.0,0.0003,Mon Oct 21 06:50:03 2019,0.2662718023255814,,0.0,0.14951484608700213,1.0,0.0,,,,,,,,,,,,,,,,,,,,,,,,,,,,,,
68,ResNet18_80%_GTSRB_010372-03-25-07-21-10-2019,,ResNet18,204.0,GTSRB,50.0,1.0,0.0003,Mon Oct 21 07:25:03 2019,0.2711954941860465,,0.2,0.1548164914866694,1.0,0.0,,,,,,,,,,,,,,,,,,,,,,,,,,,,,,
69,ResNet18_60%_GTSRB_848373-54-55-07-21-10-2019,,ResNet18,153.0,GTSRB,50.0,1.0,0.0003,Mon Oct 21 07:55:54 2019,0.2758957122093023,,0.4,0.15777655720274728,1.0,0.0,,,,,,,,,,,,,,,,,,,,,,,,,,,,,,
70,ResNet18_39%_GTSRB_285882-18-23-08-21-10-2019,,ResNet18,102.0,GTSRB,50.0,1.0,0.0003,Mon Oct 21 08:23:18 2019,0.263562863372093,,0.6000000000000001,0.15250556927519707,1.0,0.0,,,,,,,,,,,,,,,,,,,,,,,,,,,,,,
71,ResNet18_19%_GTSRB_023151-02-47-08-21-10-2019,,ResNet18,51.0,GTSRB,50.0,1.0,0.0003,Mon Oct 21 08:47:02 2019,0.2743350290697675,,0.8,0.1558662220595969,1.0,0.0,,,,,,,,,,,,,,,,,,,,,,,,,,,,,,
72,ResNet18_9%_GTSRB_146969-50-06-09-21-10-2019,,ResNet18,25.0,GTSRB,50.0,1.0,0.0003,Mon Oct 21 09:06:50 2019,0.2686264534883721,,0.9,0.15846230116693116,1.0,0.0,,,,,,,,,,,,,,,,,,,,,,,,,,,,,,
73,ResNet18_7%_GTSRB_146976-05-25-09-21-10-2019,,ResNet18,20.0,GTSRB,50.0,1.0,0.0003,Mon Oct 21 09:25:05 2019,0.27191315406976746,,0.92,0.15831501889696886,1.0,0.0,,,,,,,,,,,,,,,,,,,,,,,,,,,,,,
74,ResNet18_5%_GTSRB_096996-53-53-09-21-10-2019,,ResNet18,15.0,GTSRB,50.0,1.0,0.0003,Mon Oct 21 09:53:53 2019,0.2591606104651163,,0.94,0.1495388673302126,1.0,0.0,,,,,,,,,,,,,,,,,,,,,,,,,,,,,,
75,ResNet18_3%_GTSRB_041019-16-22-10-21-10-2019,,ResNet18,10.0,GTSRB,50.0,1.0,0.0003,Mon Oct 21 10:22:16 2019,0.2466079215116279,,0.96,0.14582869380206076,1.0,0.0,,,,,,,,,,,,,,,,,,,,,,,,,,,,,,
76,ResNet18_1%_GTSRB_679044-48-39-10-21-10-2019,,ResNet18,5.0,GTSRB,50.0,1.0,0.0003,Mon Oct 21 10:39:48 2019,0.19692405523255813,,0.98,0.10943466033078887,1.0,0.0,,,,,,,,,,,,,,,,,,,,,,,,,,,,,,
77,ResNet18_100%_CIFAR10_041254-43-57-10-21-10-2019,,ResNet18,256.0,CIFAR10,50.0,1.0,0.0003,Mon Oct 21 10:57:43 2019,0.41640625,,0.0,0.4119331275909004,1.0,0.0,,,,,,,,,,,,,,,,,,,,,,,,,,,,,,
78,ResNet18_80%_CIFAR10_102709-29-17-11-21-10-2019,,ResNet18,204.0,CIFAR10,50.0,1.0,0.0003,Mon Oct 21 11:17:29 2019,0.414453125,,0.2,0.41540127101547375,1.0,0.0,,,,,,,,,,,,,,,,,,,,,,,,,,,,,,
79,ResNet18_60%_CIFAR10_269901-38-36-11-21-10-2019,,ResNet18,153.0,CIFAR10,50.0,1.0,0.0003,Mon Oct 21 11:36:38 2019,0.41123046875,,0.4,0.409984447581495,1.0,0.0,,,,,,,,,,,,,,,,,,,,,,,,,,,,,,
80,ResNet18_39%_CIFAR10_222270-08-57-11-21-10-2019,,ResNet18,102.0,CIFAR10,50.0,1.0,0.0003,Mon Oct 21 11:57:08 2019,0.41142578125,,0.6000000000000001,0.4105176002596347,1.0,0.0,,,,,,,,,,,,,,,,,,,,,,,,,,,,,,
81,ResNet18_19%_CIFAR10_563079-32-15-12-21-10-2019,,ResNet18,51.0,CIFAR10,50.0,1.0,0.0003,Mon Oct 21 12:15:32 2019,0.407421875,,0.8,0.4061235100806157,1.0,0.0,,,,,,,,,,,,,,,,,,,,,,,,,,,,,,
82,ResNet18_9%_CIFAR10_756311-48-31-12-21-10-2019,,ResNet18,25.0,CIFAR10,50.0,1.0,0.0003,Mon Oct 21 12:31:48 2019,0.391015625,,0.9,0.3909641534736124,1.0,0.0,,,,,,,,,,,,,,,,,,,,,,,,,,,,,,
83,ResNet18_7%_CIFAR10_580050-59-47-12-21-10-2019,,ResNet18,20.0,CIFAR10,50.0,1.0,0.0003,Mon Oct 21 12:47:59 2019,0.395703125,,0.92,0.3961286878231868,1.0,0.0,,,,,,,,,,,,,,,,,,,,,,,,,,,,,,
84,ResNet18_5%_CIFAR10_048010-33-17-13-21-10-2019,,ResNet18,15.0,CIFAR10,50.0,1.0,0.0003,Mon Oct 21 13:17:33 2019,0.3845703125,,0.94,0.38601563903061376,1.0,0.0,,,,,,,,,,,,,,,,,,,,,,,,,,,,,,
85,ResNet18_3%_CIFAR10_752758-02-47-13-21-10-2019,,ResNet18,10.0,CIFAR10,50.0,1.0,0.0003,Mon Oct 21 13:47:02 2019,0.367578125,,0.96,0.3663800450717434,1.0,0.0,,,,,,,,,,,,,,,,,,,,,,,,,,,,,,
86,ResNet18_1%_CIFAR10_235683-43-02-14-21-10-2019,,ResNet18,5.0,CIFAR10,50.0,1.0,0.0003,Mon Oct 21 14:02:43 2019,0.32099609375,,0.98,0.3196007718350504,1.0,0.0,,,,,,,,,,,,,,,,,,,,,,,,,,,,,,
87,Format change,,,,,,,,,,,,,,,,,,,,,,,,,,,,,,,,,,,,,,,,,,,,
88,Format change test,,,,,,,,,,,,,,,,,,,,,,,,,,,,,,,,,,,,,,,,,,,,
89,Format change test 2,,,,,,,,,,,,,,,,,,,,,,,,,,,,,,,,,,,,,,,,,,,,
90,Format change test 3,,,,,,,,,,,,,,,,,,,,,,,,,,,,,,,,,,,,,,,,,,,,
91,ResNet18_50_GTSRB_672901-37-11-00-22-10-2019,,ResNet18,16.0,GTSRB,40.0,1.0,0.0003,Tue Oct 22 00:11:37 2019,0.17075036337209304,,50.0,0.19129632888718845,1.0,0.0,,,,,,,,,,,,,,,,,,,,,,,,,,,,,,
92,ResNet18_25_GTSRB_331042-58-33-00-22-10-2019,,ResNet18,16.0,GTSRB,80.0,1.0,0.0003,Tue Oct 22 00:33:58 2019,0.15357194767441862,,25.0,0.15902004096013111,1.0,0.0,,,,,,,,,,,,,,,,,,,,,,,,,,,,,,
93,ResNet18_10_GTSRB_624443-50-08-01-22-10-2019,,ResNet18,16.0,GTSRB,200.0,1.0,0.0003,Tue Oct 22 01:08:50 2019,0.13974745639534886,,10.0,0.1353965194504788,1.0,0.0,,,,,,,,,,,,,,,,,,,,,,,,,,,,,,
94,ResNet18_50_CIFAR10_529037-07-22-02-22-10-2019,,ResNet18,16.0,CIFAR10,40.0,1.0,0.0003,Tue Oct 22 02:22:07 2019,0.22734375,,50.0,0.22492017173973453,1.0,0.0,,,,,,,,,,,,,,,,,,,,,,,,,,,,,,
95,ResNet18_25_CIFAR10_286468-13-35-02-22-10-2019,,ResNet18,16.0,CIFAR10,80.0,1.0,0.0003,Tue Oct 22 02:35:13 2019,0.2025390625,,25.0,0.2012627682166828,1.0,0.0,,,,,,,,,,,,,,,,,,,,,,,,,,,,,,
96,ResNet18_10_CIFAR10_555724-02-59-02-22-10-2019,,ResNet18,16.0,CIFAR10,200.0,1.0,0.0003,Tue Oct 22 02:59:02 2019,0.18984375,,10.0,0.1891095572414896,1.0,0.0,,,,,,,,,,,,,,,,,,,,,,,,,,,,,,
97,ResNet18_100%_CIFAR10_151063-34-06-11-23-10-2019,,ResNet18,256.0,CIFAR10,50.0,1.0,0.001,Wed Oct 23 11:06:34 2019,0.32490234375,,0.0,0.3239994781107371,0.0,1.0,,,,,,,,,,,,,,,,,,,,,,,,,,,,,,
98,ResNet18_100%_CIFAR10_955431-41-37-11-23-10-2019,,ResNet18,256.0,CIFAR10,50.0,1.0,0.001,Wed Oct 23 11:37:42 2019,0.45908203125,,0.0,0.4587706804705152,0.0,0.0,,,,,,,,,,,,,,,,,,,,,,,,,,,,,,
99,ResNet18_50_GTSRB_266319-44-26-00-03-11-2019,,ResNet18,16.0,GTSRB,40.0,1.0,0.001,Sun Nov  3 00:26:44 2019,0.43883357558139535,,50.0,0.4550561655424547,1.0,0.0,,,,,,,,,,,,,,,,,,,,,,,,,,,,,,
100,ResNet18_25_GTSRB_031440-58-09-01-03-11-2019,,ResNet18,16.0,GTSRB,80.0,1.0,0.001,Sun Nov  3 01:09:58 2019,0.42,,25.0,0.4123230010880233,1.0,0.0,,,,,,,,,,,,,,,,,,,,,,,,,,,,,,
101,ResNet18_10_GTSRB_153333-46-30-02-03-11-2019,,ResNet18,16.0,GTSRB,200.0,1.0,0.001,Sun Nov  3 02:30:46 2019,0.3936028343023256,,10.0,0.3832015796958722,1.0,0.0,,,,,,,,,,,,,,,,,,,,,,,,,,,,,,
102,ResNet18_100%_GTSRB_185653-33-46-05-03-11-2019,,ResNet18,256.0,GTSRB,10.0,1.0,0.001,Sun Nov  3 05:46:33 2019,0.4017369186046512,,0.0,0.23147960010118265,1.0,0.0,,,,,,,,,,,,,,,,,,,,,,,,,,,,,,
103,ResNet18_80%_GTSRB_726031-04-16-06-03-11-2019,,ResNet18,204.0,GTSRB,10.0,1.0,0.001,Sun Nov  3 06:16:04 2019,0.4075072674418605,,0.2,0.2301272953939849,1.0,0.0,,,,,,,,,,,,,,,,,,,,,,,,,,,,,,
104,ResNet18_60%_GTSRB_975883-59-40-06-03-11-2019,,ResNet18,153.0,GTSRB,10.0,1.0,0.001,Sun Nov  3 06:41:00 2019,0.3946257267441861,,0.4,0.22208129598055595,1.0,0.0,,,,,,,,,,,,,,,,,,,,,,,,,,,,,,
105,ResNet18_40%_GTSRB_094350-21-02-07-03-11-2019,,ResNet18,102.0,GTSRB,10.0,1.0,0.001,Sun Nov  3 07:02:21 2019,0.3949400436046512,,0.6,0.22426349220695607,1.0,0.0,,,,,,,,,,,,,,,,,,,,,,,,,,,,,,
106,ResNet18_19%_GTSRB_061602-18-20-07-03-11-2019,,ResNet18,51.0,GTSRB,10.0,1.0,0.001,Sun Nov  3 07:20:18 2019,0.3901816860465117,,0.8,0.22021133240762847,1.0,0.0,,,,,,,,,,,,,,,,,,,,,,,,,,,,,,
107,ResNet18_9%_GTSRB_723340-27-34-07-03-11-2019,,ResNet18,25.0,GTSRB,10.0,1.0,0.001,Sun Nov  3 07:34:27 2019,0.3750981104651163,,0.9,0.20950703918824806,1.0,0.0,,,,,,,,,,,,,,,,,,,,,,,,,,,,,,
108,ResNet18_7%_GTSRB_994408-57-46-07-03-11-2019,,ResNet18,20.0,GTSRB,10.0,1.0,0.001,Sun Nov  3 07:46:58 2019,0.3962663517441861,,0.92,0.2281108206096435,1.0,0.0,,,,,,,,,,,,,,,,,,,,,,,,,,,,,,
109,ResNet18_6%_GTSRB_125915-04-59-07-03-11-2019,,ResNet18,15.0,GTSRB,10.0,1.0,0.001,Sun Nov  3 07:59:04 2019,0.3737645348837209,,0.94,0.2109204386828213,1.0,0.0,,,,,,,,,,,,,,,,,,,,,,,,,,,,,,
110,ResNet18_4%_GTSRB_610346-43-10-08-03-11-2019,,ResNet18,10.0,GTSRB,10.0,1.0,0.001,Sun Nov  3 08:10:43 2019,0.3743877180232558,,0.96,0.20987818880433606,1.0,0.0,,,,,,,,,,,,,,,,,,,,,,,,,,,,,,
111,ResNet18_2%_GTSRB_071541-08-22-08-03-11-2019,,ResNet18,5.0,GTSRB,10.0,1.0,0.001,Sun Nov  3 08:22:08 2019,0.32651162790697674,,0.98,0.1814478393251848,1.0,0.0,,,,,,,,,,,,,,,,,,,,,,,,,,,,,,
112,ResNet18_50_CIFAR10_914898-09-34-08-03-11-2019,,ResNet18,16.0,CIFAR10,40.0,1.0,0.001,Sun Nov  3 08:34:10 2019,0.65439453125,,50.0,0.6504519266715924,1.0,0.0,,,,,,,,,,,,,,,,,,,,,,,,,,,,,,
113,ResNet18_25_CIFAR10_678996-22-13-09-03-11-2019,,ResNet18,16.0,CIFAR10,80.0,1.0,0.001,Sun Nov  3 09:13:23 2019,0.651171875,,25.0,0.6500705514730551,1.0,0.0,,,,,,,,,,,,,,,,,,,,,,,,,,,,,,
114,ResNet18_100%_CIFAR10_270401-47-47-10-03-11-2019,,ResNet18,256.0,CIFAR10,10.0,1.0,0.001,Sun Nov  3 10:47:47 2019,0.7337890625,,0.0,0.735844374360145,1.0,0.0,,,,,,,,,,,,,,,,,,,,,,,,,,,,,,
115,ResNet18_80%_CIFAR10_143263-31-21-11-03-11-2019,,ResNet18,204.0,CIFAR10,10.0,1.0,0.001,Sun Nov  3 11:21:31 2019,0.72099609375,,0.2,0.7236231458765416,1.0,0.0,,,,,,,,,,,,,,,,,,,,,,,,,,,,,,
116,ResNet18_60%_CIFAR10_360524-39-50-11-03-11-2019,,ResNet18,153.0,CIFAR10,10.0,1.0,0.001,Sun Nov  3 11:50:39 2019,0.7365234375,,0.4,0.7373437540866158,1.0,0.0,,,,,,,,,,,,,,,,,,,,,,,,,,,,,,
117,ResNet18_40%_CIFAR10_989998-56-15-12-03-11-2019,,ResNet18,102.0,CIFAR10,10.0,1.0,0.001,Sun Nov  3 12:15:57 2019,0.726953125,,0.6,0.7268199664651803,1.0,0.0,,,,,,,,,,,,,,,,,,,,,,,,,,,,,,
118,ResNet18_19%_CIFAR10_175305-05-36-12-03-11-2019,,ResNet18,51.0,CIFAR10,10.0,1.0,0.001,Sun Nov  3 12:36:05 2019,0.72216796875,,0.8,0.7182217832510343,1.0,0.0,,,,,,,,,,,,,,,,,,,,,,,,,,,,,,
119,ResNet18_9%_CIFAR10_333843-54-51-12-03-11-2019,,ResNet18,25.0,CIFAR10,10.0,1.0,0.001,Sun Nov  3 12:51:54 2019,0.71220703125,,0.9,0.7115654600524112,1.0,0.0,,,,,,,,,,,,,,,,,,,,,,,,,,,,,,
120,ResNet18_7%_CIFAR10_425238-05-05-13-03-11-2019,,ResNet18,20.0,CIFAR10,10.0,1.0,0.001,Sun Nov  3 13:05:05 2019,0.71875,,0.92,0.7159092137559824,1.0,0.0,,,,,,,,,,,,,,,,,,,,,,,,,,,,,,
121,ResNet18_6%_CIFAR10_274940-02-18-13-03-11-2019,,ResNet18,15.0,CIFAR10,10.0,1.0,0.001,Sun Nov  3 13:18:02 2019,0.71904296875,,0.94,0.7176514223751262,1.0,0.0,,,,,,,,,,,,,,,,,,,,,,,,,,,,,,
122,ResNet18_4%_CIFAR10_550850-25-30-13-03-11-2019,,ResNet18,10.0,CIFAR10,10.0,1.0,0.001,Sun Nov  3 13:30:25 2019,0.6970703125,,0.96,0.6962795065850844,1.0,0.0,,,,,,,,,,,,,,,,,,,,,,,,,,,,,,
123,ResNet18_2%_CIFAR10_701310-43-42-13-03-11-2019,,ResNet18,5.0,CIFAR10,10.0,1.0,0.001,Sun Nov  3 13:42:43 2019,0.676171875,,0.98,0.6789710888463426,1.0,0.0,,,,,,,,,,,,,,,,,,,,,,,,,,,,,,
124,ResNet18_100%_GTSRB_833995-16-13-00-04-11-2019,,ResNet18,256.0,GTSRB,30.0,1.0,0.001,Mon Nov  4 00:13:16 2019,0.5300708575581395,,0.0,0.3405782973071709,0.0,0.0,5243.57412648201,,,,,,,,,,,,,,,,,,,,,,,,,,,,,
125,ResNet18_80%_GTSRB_353098-08-41-01-04-11-2019,,ResNet18,204.0,GTSRB,30.0,1.0,0.001,Mon Nov  4 01:41:08 2019,0.5411609738372093,,0.2,0.3494989347068075,0.0,0.0,4423.6931171417245,,,,,,,,,,,,,,,,,,,,,,,,,,,,,
126,ResNet18_60%_GTSRB_954085-09-55-02-04-11-2019,,ResNet18,153.0,GTSRB,30.0,1.0,0.001,Mon Nov  4 02:55:10 2019,0.5392223837209302,,0.4,0.3463069523852393,0.0,0.0,3888.869051933289,,,,,,,,,,,,,,,,,,,,,,,,,,,,,
127,ResNet18_40%_GTSRB_597358-19-00-04-04-11-2019,,ResNet18,102.0,GTSRB,30.0,1.0,0.001,Mon Nov  4 04:00:19 2019,0.5462191133720931,,0.6,0.3512157053442076,0.0,0.0,3221.4407351017,,,,,,,,,,,,,,,,,,,,,,,,,,,,,
128,ResNet18_19%_GTSRB_878013-18-54-04-04-11-2019,,ResNet18,51.0,GTSRB,30.0,1.0,0.001,Mon Nov  4 04:54:18 2019,0.5221765988372092,,0.8,0.3319318234599045,0.0,0.0,2375.369126081467,,,,,,,,,,,,,,,,,,,,,,,,,,,,,
129,ResNet18_9%_GTSRB_202989-09-34-05-04-11-2019,,ResNet18,25.0,GTSRB,30.0,1.0,0.001,Mon Nov  4 05:34:09 2019,0.5211646075581395,,0.9,0.3307087170728549,0.0,0.0,2067.50736784935,,,,,,,,,,,,,,,,,,,,,,,,,,,,,
130,ResNet18_7%_GTSRB_141151-51-08-06-04-11-2019,,ResNet18,20.0,GTSRB,30.0,1.0,0.001,Mon Nov  4 06:08:51 2019,0.514064316860465,,0.92,0.32084314041689604,0.0,0.0,1985.099886894226,,,,,,,,,,,,,,,,,,,,,,,,,,,,,
131,ResNet18_6%_GTSRB_892555-11-42-06-04-11-2019,,ResNet18,15.0,GTSRB,30.0,1.0,0.001,Mon Nov  4 06:42:11 2019,0.4933702761627907,,0.94,0.3120789543891631,0.0,0.0,1926.3714711666107,,,,,,,,,,,,,,,,,,,,,,,,,,,,,
132,ResNet18_4%_GTSRB_422507-32-14-07-04-11-2019,,ResNet18,10.0,GTSRB,30.0,1.0,0.001,Mon Nov  4 07:14:32 2019,0.4862518168604651,,0.96,0.3045527633716397,0.0,0.0,1877.7279691696167,,,,,,,,,,,,,,,,,,,,,,,,,,,,,
133,ResNet18_2%_GTSRB_986857-04-46-07-04-11-2019,,ResNet18,5.0,GTSRB,30.0,1.0,0.001,Mon Nov  4 07:46:05 2019,0.4062518168604651,,0.98,0.2419639845295264,0.0,0.0,1806.006798028946,,,,,,,,,,,,,,,,,,,,,,,,,,,,,
134,ResNet18_50_GTSRB_611681-25-16-08-04-11-2019,,ResNet18,16.0,GTSRB,35.0,1.0,0.001,Mon Nov  4 08:16:25 2019,0.4206468023255814,,50.0,0.4161023706106261,0.0,0.0,2228.349545001984,,,,,,,,,,,,,,,,,,,,,,,,,,,,,
135,ResNet18_25_GTSRB_319604-49-53-08-04-11-2019,,ResNet18,16.0,GTSRB,70.0,1.0,0.001,Mon Nov  4 08:53:49 2019,0.4144622093023256,,25.0,0.4225792029019095,0.0,0.0,4162.616359949112,,,,,,,,,,,,,,,,,,,,,,,,,,,,,
136,ResNet18_10_GTSRB_790541-27-03-10-04-11-2019,,ResNet18,16.0,GTSRB,175.0,1.0,0.001,Mon Nov  4 10:03:27 2019,0.3753288517441861,,10.0,0.3680082420675552,0.0,0.0,10130.327169179916,,,,,,,,,,,,,,,,,,,,,,,,,,,,,
137,ResNet18_50_GTSRB_377645-03-23-14-04-11-2019,,ResNet18,16.0,GTSRB,35.0,1.0,0.001,Mon Nov  4 14:23:03 2019,0.4282249273255814,,50.0,0.4289500916813499,0.0,0.0,2231.58012342453,,,,,,,,,,,,,,,,,,,,,,,,,,,,,
138,ResNet18_25_GTSRB_315005-32-00-15-04-11-2019,,ResNet18,16.0,GTSRB,70.0,1.0,0.001,Mon Nov  4 15:00:32 2019,0.4208739098837209,,25.0,0.42246911326308895,0.0,0.0,4158.499891042708,,,,,,,,,,,,,,,,,,,,,,,,,,,,,
139,ResNet18_50_GTSRB_266777-06-33-16-04-11-2019,,ResNet18,16.0,GTSRB,35.0,1.0,0.001,Mon Nov  4 16:33:06 2019,0.4211082848837209,,50.0,0.4237548646981255,0.0,0.0,2252.310385942459,,,,,,,,,,,,,,,,,,,,,,,,,,,,,
140,ResNet18_25_GTSRB_920674-55-10-17-04-11-2019,,ResNet18,16.0,GTSRB,70.0,1.0,0.001,Mon Nov  4 17:10:55 2019,0.3999364098837209,,25.0,0.4058732458380313,0.0,0.0,2715.8849756717677,,,,,,,,,,,,,,,,,,,,,,,,,,,,,
141,ResNet18_10_GTSRB_112988-27-56-17-04-11-2019,,ResNet18,16.0,GTSRB,175.0,1.0,0.001,Mon Nov  4 17:56:27 2019,0.37377906976744185,,10.0,0.3708168611252657,0.0,0.0,3872.318840026856,,,,,,,,,,,,,,,,,,,,,,,,,,,,,
142,ResNet18_50_GTSRB_996752-19-04-19-04-11-2019,,ResNet18,16.0,GTSRB,35.0,1.0,0.001,Mon Nov  4 19:04:19 2019,0.43962209302325583,,50.0,0.4363526815507097,0.0,0.0,2329.1270065307613,,,,,,,,,,,,,,,,,,,,,,,,,,,,,
143,ResNet18_25_GTSRB_322851-28-43-19-04-11-2019,,ResNet18,16.0,GTSRB,70.0,1.0,0.001,Mon Nov  4 19:43:28 2019,0.4089861918604651,,25.0,0.4124036260026521,0.0,0.0,2670.6967849731445,,,,,,,,,,,,,,,,,,,,,,,,,,,,,
144,ResNet18_10_GTSRB_588192-12-28-20-04-11-2019,,ResNet18,16.0,GTSRB,175.0,1.0,0.001,Mon Nov  4 20:28:12 2019,0.3685356104651163,,10.0,0.3766359317344461,0.0,0.0,3896.269924402237,,,,,,,,,,,,,,,,,,,,,,,,,,,,,
145,ResNet18_5_GTSRB_472016-24-33-21-04-11-2019,,ResNet18,16.0,GTSRB,350.0,1.0,0.001,Mon Nov  4 21:33:24 2019,0.3324491279069768,,5.0,0.314872691489628,0.0,0.0,5971.816229343414,,,,,,,,,,,,,,,,,,,,,,,,,,,,,
146,ResNet18_100%_CIFAR10_439910-46-30-01-05-11-2019,,ResNet18,256.0,CIFAR10,10.0,1.0,0.001,Tue Nov  5 01:30:46 2019,0.7205078125,,0.0,0.7197894766369383,1.0,0.0,1905.5037219524384,,,,,,,,,,,,,,,,,,,,,,,,,,,,,
147,ResNet18_80%_CIFAR10_203167-15-04-02-05-11-2019,,ResNet18,204.0,CIFAR10,10.0,1.0,0.001,Tue Nov  5 02:04:15 2019,0.73388671875,,0.2,0.7331639011855888,1.0,0.0,1730.0562977790833,,,,,,,,,,,,,,,,,,,,,,,,,,,,,
148,ResNet18_60%_CIFAR10_412564-41-34-02-05-11-2019,,ResNet18,153.0,CIFAR10,10.0,1.0,0.001,Tue Nov  5 02:34:41 2019,0.73173828125,,0.4,0.7317210466187061,1.0,0.0,1413.2202351093292,,,,,,,,,,,,,,,,,,,,,,,,,,,,,
149,ResNet18_40%_CIFAR10_508059-38-59-02-05-11-2019,,ResNet18,102.0,CIFAR10,10.0,1.0,0.001,Tue Nov  5 02:59:38 2019,0.7265625,,0.6,0.7271535121423789,1.0,0.0,1125.707453250885,,,,,,,,,,,,,,,,,,,,,,,,,,,,,
150,ResNet18_19%_CIFAR10_033707-38-19-03-05-11-2019,,ResNet18,51.0,CIFAR10,10.0,1.0,0.001,Tue Nov  5 03:19:38 2019,0.72587890625,,0.8,0.7253534317586032,1.0,0.0,862.0223963260651,,,,,,,,,,,,,,,,,,,,,,,,,,,,,
151,ResNet18_9%_CIFAR10_907161-09-35-03-05-11-2019,,ResNet18,25.0,CIFAR10,10.0,1.0,0.001,Tue Nov  5 03:35:09 2019,0.72783203125,,0.9,0.7270781507617243,1.0,0.0,722.1736948490143,,,,,,,,,,,,,,,,,,,,,,,,,,,,,
152,ResNet18_7%_CIFAR10_525553-22-48-03-05-11-2019,,ResNet18,20.0,CIFAR10,10.0,1.0,0.001,Tue Nov  5 03:48:22 2019,0.71025390625,,0.92,0.7066645707646342,1.0,0.0,697.0528919696808,,,,,,,,,,,,,,,,,,,,,,,,,,,,,
153,ResNet18_6%_CIFAR10_249721-07-01-04-05-11-2019,,ResNet18,15.0,CIFAR10,10.0,1.0,0.001,Tue Nov  5 04:01:07 2019,0.7130859375,,0.94,0.7119005758207959,1.0,0.0,684.6349694728851,,,,,,,,,,,,,,,,,,,,,,,,,,,,,
154,ResNet18_4%_CIFAR10_436061-10-06-09-05-11-2019,,ResNet18,10.0,CIFAR10,10.0,1.0,0.001,Tue Nov  5 09:06:10 2019,0.70634765625,,0.96,0.7071179199179297,1.0,0.0,662.9918279647827,,,,,,,,,,,,,,,,,,,,,,,,,,,,,
155,ResNet18_2%_CIFAR10_424418-31-18-09-05-11-2019,,ResNet18,5.0,CIFAR10,10.0,1.0,0.001,Tue Nov  5 09:18:31 2019,0.65693359375,,0.98,0.6593587297633785,1.0,0.0,637.7335135936738,,,,,,,,,,,,,,,,,,,,,,,,,,,,,
156,ResNet18_50_CIFAR10_030252-19-30-09-05-11-2019,,ResNet18,4.0,CIFAR10,10.0,1.0,0.001,Tue Nov  5 09:30:19 2019,0.60244140625,,50.0,0.6030717316163552,1.0,0.0,616.9859776496887,,,,,,,,,,,,,,,,,,,,,,,,,,,,,
157,ResNet18_50_CIFAR10_327183-00-45-09-05-11-2019,,ResNet18,4.0,CIFAR10,15.0,1.0,0.001,Tue Nov  5 09:45:00 2019,0.65791015625,,50.0,0.6595268983464497,1.0,0.0,909.4113581180573,,,,,,,,,,,,,,,,,,,,,,,,,,,,,
158,ResNet18_25_CIFAR10_332946-20-01-10-05-11-2019,,ResNet18,4.0,CIFAR10,30.0,1.0,0.001,Tue Nov  5 10:01:20 2019,0.619921875,,25.0,0.6201533289416779,1.0,0.0,1187.405579328537,,,,,,,,,,,,,,,,,,,,,,,,,,,,,
159,ResNet18_10_CIFAR10_542530-12-22-10-05-11-2019,,ResNet18,4.0,CIFAR10,75.0,1.0,0.001,Tue Nov  5 10:22:12 2019,0.57509765625,,10.0,0.5763995919140094,1.0,0.0,1886.5898151397705,,,,,,,,,,,,,,,,,,,,,,,,,,,,,
160,ResNet18_50_GTSRB_098353-26-55-10-05-11-2019,,ResNet18,4.0,GTSRB,10.0,1.0,0.001,Tue Nov  5 10:55:26 2019,0.3666460755813954,,50.0,0.3724402476829301,1.0,0.0,709.241706609726,,,,,,,,,,,,,,,,,,,,,,,,,,,,,
161,ResNet18_25_GTSRB_448849-32-07-11-05-11-2019,,ResNet18,4.0,GTSRB,20.0,1.0,0.001,Tue Nov  5 11:07:32 2019,0.3697837936046512,,25.0,0.38387208751528257,1.0,0.0,863.261227607727,,,,,,,,,,,,,,,,,,,,,,,,,,,,,
162,ResNet18_10_GTSRB_199223-14-22-11-05-11-2019,,ResNet18,4.0,GTSRB,50.0,1.0,0.001,Tue Nov  5 11:22:14 2019,0.3644712936046512,,10.0,0.3705638917386393,1.0,0.0,1203.194951295853,,,,,,,,,,,,,,,,,,,,,,,,,,,,,
163,ResNet18_100%_GTSRB_662856-41-42-11-05-11-2019,,ResNet18,256.0,GTSRB,30.0,1.0,0.001,Tue Nov  5 11:42:41 2019,0.5374945494186046,,0.0,0.342522818461144,1.0,0.0,4943.175974130631,,,,,,,,,,,,,,,,,,,,,,,,,,,,,
164,ResNet18_80%_GTSRB_159505-23-05-13-05-11-2019,,ResNet18,204.0,GTSRB,30.0,1.0,0.001,Tue Nov  5 13:05:23 2019,0.5275672238372092,,0.2,0.33560853020259657,1.0,0.0,4352.517818450928,,,,,,,,,,,,,,,,,,,,,,,,,,,,,
165,ResNet18_60%_GTSRB_545278-13-18-14-05-11-2019,,ResNet18,153.0,GTSRB,30.0,1.0,0.001,Tue Nov  5 14:18:13 2019,0.5313244912790698,,0.4,0.3429423210935942,1.0,0.0,3851.227524518967,,,,,,,,,,,,,,,,,,,,,,,,,,,,,
166,ResNet18_40%_GTSRB_513137-41-22-15-05-11-2019,,ResNet18,102.0,GTSRB,30.0,1.0,0.001,Tue Nov  5 15:22:41 2019,0.5309247819767442,,0.6,0.3386331634752759,1.0,0.0,3129.0756089687347,,,,,,,,,,,,,,,,,,,,,,,,,,,,,
167,GoogLeNet_GTSRB_918757-35-06-23-05-11-2019,,GoogLeNet,128.0,GTSRB,25.0,1.0,0.001,Tue Nov  5 23:06:35 2019,0.5267427178764388,,0.0,0.35817896750103784,1.0,0.0,5014.424014568329,0.0,,,,,,,,,,,,,,,,,,,,,,,,,,,,
168,GoogLeNet_GTSRB_464103-16-36-00-06-11-2019,,GoogLeNet,32.0,GTSRB,25.0,0.0,0.001,Wed Nov  6 00:36:16 2019,0.9786392405063292,,0.0,0.975409262708276,1.0,0.0,11066.637074947355,0.0,,,,,,,,,,,,,,,,,,,,,,,,,,,,
169,GoogLeNet_GTSRB_646316-02-41-03-06-11-2019,,GoogLeNet,32.0,GTSRB,25.0,1.0,0.001,Wed Nov  6 03:41:02 2019,0.6369749712313003,,0.0,0.5909366723135167,1.0,0.0,4967.6267042160025,0.0,,,,,,,,,,,,,,,,,,,,,,,,,,,,
170,GoogLeNet_GTSRB_278608-09-04-05-06-11-2019,,GoogLeNet,32.0,GTSRB,25.0,0.0,0.001,Wed Nov  6 05:04:09 2019,0.9819620253164556,,0.0,0.9803885186742952,1.0,0.0,11089.17500638962,0.5,,,,,,,,,,,,,,,,,,,,,,,,,,,,
171,GoogLeNet_GTSRB_489266-16-09-08-06-11-2019,,GoogLeNet,32.0,GTSRB,25.0,1.0,0.001,Wed Nov  6 08:09:16 2019,0.6081846950517836,,0.0,0.5561084548934605,1.0,0.0,4977.82639503479,0.5,,,,,,,,,,,,,,,,,,,,,,,,,,,,
172,ResNet18_GTSRB_220223-41-56-01-10-11-2019,,ResNet18,32.0,GTSRB,15.0,1.0,0.001,Sun Nov 10 01:56:41 2019,0.6621188147295742,,0.0,0.6271662569928731,1.0,0.0,2392.210745334625,0.0,,,,,,,,,,,,,,,,,,,,,,,,,,,,
173,GoogLeNet_GTSRB_030844-53-36-02-10-11-2019,,GoogLeNet,32.0,GTSRB,15.0,1.0,0.001,Sun Nov 10 02:36:53 2019,0.5957278481012658,,0.0,0.5414952293321186,1.0,0.0,2958.338915586472,0.0,,,,,,,,,,,,,,,,,,,,,,,,,,,,
174,ResNet18_GTSRB_342010-31-26-03-10-11-2019,,ResNet18,32.0,GTSRB,15.0,0.0,0.001,Sun Nov 10 03:26:31 2019,0.9782436708860759,,0.0,0.9744336510069788,1.0,0.0,5296.728057384491,0.0,,,,,,,,,,,,,,,,,,,,,,,,,,,,
175,GoogLeNet_GTSRB_982207-07-55-04-10-11-2019,,GoogLeNet,32.0,GTSRB,15.0,0.0,0.001,Sun Nov 10 04:55:07 2019,0.9721518987341772,,0.0,0.9680628010991296,1.0,0.0,6630.036180019379,0.0,,,,,,,,,,,,,,,,,,,,,,,,,,,,
176,ResNet18_GTSRB_495987-57-45-06-10-11-2019,,ResNet18,32.0,GTSRB,30.0,1.0,0.001,Sun Nov 10 06:45:57 2019,0.6560414269275029,,0.5,0.6150749295901691,1.0,0.0,2629.026840686798,0.0,,,,,,,,,,,,,,,,,,,,,,,,,,,,
177,GoogLeNet_GTSRB_259423-01-30-07-10-11-2019,,GoogLeNet,32.0,GTSRB,30.0,1.0,0.001,Sun Nov 10 07:30:01 2019,0.5917721518987342,,0.5,0.5384825274688351,1.0,0.0,3191.117310523987,0.0,,,,,,,,,,,,,,,,,,,,,,,,,,,,
178,ResNet18_GTSRB_478004-30-23-08-10-11-2019,,ResNet18,32.0,GTSRB,30.0,0.0,0.001,Sun Nov 10 08:23:30 2019,0.9798259493670886,,0.5,0.9767896741672252,1.0,0.0,5495.5212812423715,0.0,,,,,,,,,,,,,,,,,,,,,,,,,,,,
179,GoogLeNet_GTSRB_153319-21-55-09-10-11-2019,,GoogLeNet,32.0,GTSRB,30.0,0.0,0.001,Sun Nov 10 09:55:21 2019,0.9691096087456846,,0.5,0.9632796264509343,1.0,0.0,6855.7046859264365,0.0,,,,,,,,,,,,,,,,,,,,,,,,,,,,
180,ResNet18_GTSRB_005626-52-49-11-10-11-2019,,ResNet18,32.0,GTSRB,45.0,1.0,0.001,Sun Nov 10 11:49:52 2019,0.5400028768699655,,0.9,0.4852499629477548,1.0,0.0,1688.569365978241,0.0,,,,,,,,,,,,,,,,,,,,,,,,,,,,
181,GoogLeNet_GTSRB_605720-13-18-12-10-11-2019,,GoogLeNet,32.0,GTSRB,45.0,1.0,0.001,Sun Nov 10 12:18:13 2019,0.4770569620253165,,0.9,0.4134167259340665,1.0,0.0,1940.7037196159365,0.0,,,,,,,,,,,,,,,,,,,,,,,,,,,,
182,ResNet18_GTSRB_382531-48-50-12-10-11-2019,,ResNet18,32.0,GTSRB,45.0,0.0,0.001,Sun Nov 10 12:50:48 2019,0.9432753164556962,,0.9,0.9336227783536608,1.0,0.0,2555.127831459045,0.0,,,,,,,,,,,,,,,,,,,,,,,,,,,,
183,GoogLeNet_GTSRB_644248-36-33-13-10-11-2019,,GoogLeNet,32.0,GTSRB,45.0,0.0,0.001,Sun Nov 10 13:33:36 2019,0.8205480437284234,,0.9,0.7686553767576251,1.0,0.0,3081.507177114487,0.0,,,,,,,,,,,,,,,,,,,,,,,,,,,,
184,ResNet18_GTSRB_827512-12-25-14-10-11-2019,,ResNet18,32.0,GTSRB,60.0,1.0,0.001,Sun Nov 10 14:25:12 2019,0.4790348101265823,,0.95,0.4233410339988722,1.0,0.0,1736.1076188087466,0.0,,,,,,,,,,,,,,,,,,,,,,,,,,,,
185,GoogLeNet_GTSRB_045024-22-54-14-10-11-2019,,GoogLeNet,32.0,GTSRB,60.0,1.0,0.001,Sun Nov 10 14:54:22 2019,0.424129746835443,,0.95,0.3597357465188189,1.0,0.0,1951.561370372772,0.0,,,,,,,,,,,,,,,,,,,,,,,,,,,,
186,ResNet18_GTSRB_836043-06-27-15-10-11-2019,,ResNet18,32.0,GTSRB,60.0,0.0,0.001,Sun Nov 10 15:27:06 2019,0.8850618527042577,,0.95,0.8592403704783987,1.0,0.0,2294.592043638229,0.0,,,,,,,,,,,,,,,,,,,,,,,,,,,,
187,GoogLeNet_GTSRB_049727-34-05-16-10-11-2019,,GoogLeNet,32.0,GTSRB,60.0,0.0,0.001,Sun Nov 10 16:05:34 2019,0.7291283084004603,,0.95,0.6636756288100318,1.0,0.0,2657.180846452713,0.0,,,,,,,,,,,,,,,,,,,,,,,,,,,,
188,ResNet18_GTSRB_340634-05-50-16-10-11-2019,,ResNet18,32.0,GTSRB,75.0,1.0,0.001,Sun Nov 10 16:50:05 2019,0.4347166283084005,,50.0,0.43839750217656587,1.0,0.0,1983.9271461963654,0.0,,,,,,,,,,,,,,,,,,,,,,,,,,,,
189,GoogLeNet_GTSRB_772901-23-23-17-10-11-2019,,GoogLeNet,32.0,GTSRB,75.0,1.0,0.001,Sun Nov 10 17:23:23 2019,0.41398158803222096,,50.0,0.41892825318561056,1.0,0.0,2245.291074514389,0.0,,,,,,,,,,,,,,,,,,,,,,,,,,,,
190,ResNet18_GTSRB_491403-03-01-18-10-11-2019,,ResNet18,32.0,GTSRB,75.0,0.0,0.001,Sun Nov 10 18:01:03 2019,0.920490506329114,,50.0,0.9197308459813344,1.0,0.0,2774.664131164551,0.0,,,,,,,,,,,,,,,,,,,,,,,,,,,,
191,GoogLeNet_GTSRB_355331-30-47-18-10-11-2019,,GoogLeNet,32.0,GTSRB,75.0,0.0,0.001,Sun Nov 10 18:47:30 2019,0.8076093210586881,,50.0,0.8066850138183499,1.0,0.0,3250.05242061615,0.0,,,,,,,,,,,,,,,,,,,,,,,,,,,,
192,ResNet18_GTSRB_895110-54-41-19-10-11-2019,,ResNet18,32.0,GTSRB,90.0,1.0,0.001,Sun Nov 10 19:41:54 2019,0.2358601841196778,,10.0,0.2352408508220723,1.0,0.0,1847.5786645412445,0.0,,,,,,,,,,,,,,,,,,,,,,,,,,,,
193,GoogLeNet_GTSRB_750959-54-12-20-10-11-2019,,GoogLeNet,32.0,GTSRB,90.0,1.0,0.001,Sun Nov 10 20:12:54 2019,0.20313578826237053,,10.0,0.2073094331429441,1.0,0.0,1990.5613887310028,0.0,,,,,,,,,,,,,,,,,,,,,,,,,,,,
194,ResNet18_GTSRB_266639-20-46-20-10-11-2019,,ResNet18,32.0,GTSRB,90.0,0.0,0.001,Sun Nov 10 20:46:20 2019,0.5489643268124281,,10.0,0.5506708879878102,1.0,0.0,2105.3375763893127,0.0,,,,,,,,,,,,,,,,,,,,,,,,,,,,
195,GoogLeNet_GTSRB_665558-38-21-21-10-11-2019,,GoogLeNet,32.0,GTSRB,90.0,0.0,0.001,Sun Nov 10 21:21:38 2019,0.3583573072497123,,10.0,0.3599015325533208,1.0,0.0,2267.026589155197,0.0,,,,,,,,,,,,,,,,,,,,,,,,,,,,
196,ResNet18_GTSRB_696902-14-19-22-10-11-2019,,ResNet18,32.0,GTSRB,105.0,1.0,0.001,Sun Nov 10 22:19:14 2019,0.15097813578826236,,5.0,0.1576305470716965,1.0,0.0,2012.0912804603574,0.0,,,,,,,,,,,,,,,,,,,,,,,,,,,,
197,GoogLeNet_GTSRB_958025-02-53-22-10-11-2019,,GoogLeNet,32.0,GTSRB,105.0,1.0,0.001,Sun Nov 10 22:53:03 2019,0.14301639815880324,,5.0,0.14782730483385853,1.0,0.0,2134.3573698997493,0.0,,,,,,,,,,,,,,,,,,,,,,,,,,,,
198,ResNet18_GTSRB_598988-51-28-23-10-11-2019,,ResNet18,32.0,GTSRB,105.0,0.0,0.001,Sun Nov 10 23:28:51 2019,0.32330264672036824,,5.0,0.3262997586120959,1.0,0.0,2041.0565779209135,0.0,,,,,,,,,,,,,,,,,,,,,,,,,,,,
199,GoogLeNet_GTSRB_181240-05-03-00-11-11-2019,,GoogLeNet,32.0,GTSRB,105.0,0.0,0.001,Mon Nov 11 00:03:05 2019,0.2360543728423475,,5.0,0.2283204053931369,1.0,0.0,2249.3106100559235,0.0,,,,,,,,,,,,,,,,,,,,,,,,,,,,
200,ResNet18_GTSRB_050629-50-40-00-11-11-2019,,ResNet18,32.0,GTSRB,120.0,1.0,0.001,Mon Nov 11 00:40:50 2019,0.04825949367088608,,1.0,0.04910774408202995,1.0,0.0,2045.102904558181,0.0,,,,,,,,,,,,,,,,,,,,,,,,,,,,
201,GoogLeNet_GTSRB_792193-09-15-01-11-11-2019,,GoogLeNet,32.0,GTSRB,120.0,1.0,0.001,Mon Nov 11 01:15:09 2019,0.053315592635212884,,1.0,0.05478736963464412,1.0,0.0,2202.532859802246,0.0,,,,,,,,,,,,,,,,,,,,,,,,,,,,
202,ResNet18_GTSRB_934345-04-52-01-11-11-2019,,ResNet18,32.0,GTSRB,120.0,0.0,0.001,Mon Nov 11 01:52:05 2019,0.12380609896432684,,1.0,0.1214636958928459,1.0,0.0,2071.5870051383968,0.0,,,,,,,,,,,,,,,,,,,,,,,,,,,,
203,GoogLeNet_GTSRB_746839-47-26-02-11-11-2019,,GoogLeNet,32.0,GTSRB,120.0,0.0,0.001,Mon Nov 11 02:26:47 2019,0.10208573072497122,,1.0,0.09458612469537653,1.0,0.0,2216.89706492424,0.0,,,,,,,,,,,,,,,,,,,,,,,,,,,,
204,ResNet18_100%_CIFAR10_961546-12-05-02-17-11-2019,,ResNet18,32.0,CIFAR10,10.0,1.0,0.001,Sun Nov 17 02:05:12 2019,0.7898362619808307,,0.0,0.7864688931800599,1.0,0.0,1892.9732682704928,,,,,,,,,,,,,,,,,,,,,,,,,,,,,
205,ResNet18_100%_CIFAR10_189383-26-38-02-17-11-2019,,ResNet18,32.0,CIFAR10,10.0,0.0,0.001,Sun Nov 17 02:38:26 2019,0.9395966453674122,,0.0,0.9400180628102623,1.0,0.0,4321.069400072098,,,,,,,,,,,,,,,,,,,,,,,,,,,,,
206,ResNet18_50%_CIFAR10_374935-46-51-03-17-11-2019,,ResNet18,32.0,CIFAR10,20.0,1.0,0.001,Sun Nov 17 03:51:46 2019,0.7878394568690096,,0.5,0.7892744566846006,1.0,0.0,2067.2144980430608,,,,,,,,,,,,,,,,,,,,,,,,,,,,,
207,ResNet18_50%_CIFAR10_658135-32-27-04-17-11-2019,,ResNet18,32.0,CIFAR10,20.0,0.0,0.001,Sun Nov 17 04:27:32 2019,0.9312100638977636,,0.5,0.9310530311994628,1.0,0.0,4506.285801172257,,,,,,,,,,,,,,,,,,,,,,,,,,,,,
208,ResNet18_9%_CIFAR10_585037-42-43-05-17-11-2019,,ResNet18,32.0,CIFAR10,30.0,1.0,0.001,Sun Nov 17 05:43:42 2019,0.7589856230031949,,0.9,0.7615073624704881,1.0,0.0,1278.6360266208646,,,,,,,,,,,,,,,,,,,,,,,,,,,,,
209,ResNet18_9%_CIFAR10_438640-06-06-06-17-11-2019,,ResNet18,32.0,CIFAR10,30.0,0.0,0.001,Sun Nov 17 06:06:06 2019,0.887779552715655,,0.9,0.8903119101148921,1.0,0.0,2010.7707688808441,,,,,,,,,,,,,,,,,,,,,,,,,,,,,
210,ResNet18_5%_CIFAR10_782060-38-40-06-17-11-2019,,ResNet18,32.0,CIFAR10,40.0,1.0,0.001,Sun Nov 17 06:40:39 2019,0.7301317891373802,,0.95,0.7338402330521608,1.0,0.0,1298.685046672821,,,,,,,,,,,,,,,,,,,,,,,,,,,,,
211,ResNet18_5%_CIFAR10_408837-18-03-07-17-11-2019,,ResNet18,32.0,CIFAR10,40.0,0.0,0.001,Sun Nov 17 07:03:18 2019,0.8514376996805112,,0.95,0.852530902936254,1.0,0.0,1791.3505704402924,,,,,,,,,,,,,,,,,,,,,,,,,,,,,
212,ResNet18_-4900%_CIFAR10_283250-10-34-07-17-11-2019,,ResNet18,32.0,CIFAR10,50.0,1.0,0.001,Sun Nov 17 07:34:10 2019,0.6308905750798722,,50.0,0.6262735630686908,1.0,0.0,1254.6706354618073,,,,,,,,,,,,,,,,,,,,,,,,,,,,,
213,ResNet18_-4900%_CIFAR10_565881-05-56-07-17-11-2019,,ResNet18,32.0,CIFAR10,50.0,0.0,0.001,Sun Nov 17 07:56:05 2019,0.7019768370607029,,50.0,0.7037718944221876,1.0,0.0,1375.7020025253296,,,,,,,,,,,,,,,,,,,,,,,,,,,,,
214,ResNet18_-900%_CIFAR10_589569-04-20-08-17-11-2019,,ResNet18,32.0,CIFAR10,60.0,1.0,0.001,Sun Nov 17 08:20:04 2019,0.3630191693290735,,10.0,0.3654537114514482,1.0,0.0,1356.0369193553925,,,,,,,,,,,,,,,,,,,,,,,,,,,,,
215,ResNet18_-900%_CIFAR10_966473-40-43-08-17-11-2019,,ResNet18,32.0,CIFAR10,60.0,0.0,0.001,Sun Nov 17 08:43:40 2019,0.4665535143769968,,10.0,0.4610853482592036,1.0,0.0,1389.5709500312805,,,,,,,,,,,,,,,,,,,,,,,,,,,,,
216,ResNet18_-400%_CIFAR10_063467-50-07-09-17-11-2019,,ResNet18,32.0,CIFAR10,70.0,1.0,0.001,Sun Nov 17 09:07:50 2019,0.2772563897763578,,5.0,0.27921143102253315,1.0,0.0,1499.1970074176788,,,,,,,,,,,,,,,,,,,,,,,,,,,,,
217,ResNet18_-400%_CIFAR10_069549-49-33-09-17-11-2019,,ResNet18,32.0,CIFAR10,70.0,0.0,0.001,Sun Nov 17 09:33:49 2019,0.3435503194888179,,5.0,0.3430050895639288,1.0,0.0,1514.740629196167,,,,,,,,,,,,,,,,,,,,,,,,,,,,,
218,ResNet18_0%_CIFAR10_481134-03-00-10-17-11-2019,,ResNet18,32.0,CIFAR10,80.0,1.0,0.001,Sun Nov 17 10:00:03 2019,0.17871405750798722,,1.0,0.17888983270506167,1.0,0.0,1636.7890627384186,,,,,,,,,,,,,,,,,,,,,,,,,,,,,
219,ResNet18_0%_CIFAR10_579297-19-28-10-17-11-2019,,ResNet18,32.0,CIFAR10,80.0,0.0,0.001,Sun Nov 17 10:28:19 2019,0.10323482428115016,,1.0,0.10635229840368278,1.0,0.0,1646.2042195796967,,,,,,,,,,,,,,,,,,,,,,,,,,,,,
220,ResNet18_100%_GTSRB_194117-03-56-10-17-11-2019,,ResNet18,32.0,GTSRB,15.0,1.0,0.001,Sun Nov 17 10:56:03 2019,0.6614643268124281,,0.0,0.6227471529326646,1.0,0.0,2392.01962184906,0.0,,,,,,,,,,,,,,,,,,,,,,,,,,,,
221,ResNet18_100%_GTSRB_416245-12-36-11-17-11-2019,,ResNet18,32.0,GTSRB,15.0,0.0,0.001,Sun Nov 17 11:36:12 2019,0.9798691024165708,,0.0,0.9767019901196672,1.0,0.0,5305.152545452118,0.0,,,,,,,,,,,,,,,,,,,,,,,,,,,,
222,ResNet18_50%_GTSRB_887167-52-04-13-17-11-2019,,ResNet18,32.0,GTSRB,30.0,1.0,0.001,Sun Nov 17 13:04:52 2019,0.6474108170310702,,0.5,0.6075532190401173,1.0,0.0,2615.361273765564,0.0,,,,,,,,,,,,,,,,,,,,,,,,,,,,
223,ResNet18_50%_GTSRB_865103-44-48-13-17-11-2019,,ResNet18,32.0,GTSRB,30.0,0.0,0.001,Sun Nov 17 13:48:44 2019,0.9796677215189872,,0.5,0.9760755059201964,1.0,0.0,5492.487932443619,0.0,,,,,,,,,,,,,,,,,,,,,,,,,,,,
224,ResNet18_9%_GTSRB_959068-32-20-15-17-11-2019,,ResNet18,32.0,GTSRB,45.0,1.0,0.001,Sun Nov 17 15:20:33 2019,0.5402617951668585,,0.9,0.4907629916597912,1.0,0.0,1701.9423387050629,0.0,,,,,,,,,,,,,,,,,,,,,,,,,,,,
225,ResNet18_9%_GTSRB_253598-11-49-15-17-11-2019,,ResNet18,32.0,GTSRB,45.0,0.0,0.001,Sun Nov 17 15:49:11 2019,0.942009493670886,,0.9,0.9311709356463346,1.0,0.0,2556.657748699188,0.0,,,,,,,,,,,,,,,,,,,,,,,,,,,,
226,ResNet18_5%_GTSRB_713623-01-32-16-17-11-2019,,ResNet18,32.0,GTSRB,60.0,1.0,0.001,Sun Nov 17 16:32:01 2019,0.4804228998849253,,0.95,0.4246419699259544,1.0,0.0,1690.2701773643494,0.0,,,,,,,,,,,,,,,,,,,,,,,,,,,,
227,ResNet18_5%_GTSRB_702241-28-00-17-17-11-2019,,ResNet18,32.0,GTSRB,60.0,0.0,0.001,Sun Nov 17 17:00:28 2019,0.8942750287686997,,0.95,0.8703901113320405,1.0,0.0,2269.3136808872227,0.0,,,,,,,,,,,,,,,,,,,,,,,,,,,,
228,ResNet18_-4900%_GTSRB_981854-31-38-17-17-11-2019,,ResNet18,32.0,GTSRB,75.0,1.0,0.001,Sun Nov 17 17:38:32 2019,0.4538262370540852,,50.0,0.4515641808871914,1.0,0.0,1975.71191740036,0.0,,,,,,,,,,,,,,,,,,,,,,,,,,,,
229,ResNet18_-4900%_GTSRB_923637-41-11-18-17-11-2019,,ResNet18,32.0,GTSRB,75.0,0.0,0.001,Sun Nov 17 18:11:42 2019,0.9085514959723822,,50.0,0.9052779505148384,1.0,0.0,2765.3251945972443,0.0,,,,,,,,,,,,,,,,,,,,,,,,,,,,
230,ResNet18_-900%_GTSRB_784100-00-58-18-17-11-2019,,ResNet18,32.0,GTSRB,90.0,1.0,0.001,Sun Nov 17 18:58:00 2019,0.2231300345224396,,10.0,0.22762253918236625,1.0,0.0,1813.649522781372,0.0,,,,,,,,,,,,,,,,,,,,,,,,,,,,
231,ResNet18_-900%_GTSRB_028938-28-28-19-17-11-2019,,ResNet18,32.0,GTSRB,90.0,0.0,0.001,Sun Nov 17 19:28:28 2019,0.4853207710011507,,10.0,0.487625590920044,1.0,0.0,1986.8732223510744,0.0,,,,,,,,,,,,,,,,,,,,,,,,,,,,
232,ResNet18_-400%_GTSRB_635332-48-01-20-17-11-2019,,ResNet18,32.0,GTSRB,105.0,1.0,0.001,Sun Nov 17 20:01:48 2019,0.1452747410817031,,5.0,0.1428897251231795,1.0,0.0,1929.8579301834106,0.0,,,,,,,,,,,,,,,,,,,,,,,,,,,,
233,ResNet18_100%_CIFAR10_574510-05-25-00-18-11-2019,,ResNet18,32.0,CIFAR10,10.0,1.0,0.001,Mon Nov 18 00:25:05 2019,0.81439696485623,,0.0,0.8122556572623139,1.0,0.0,1887.3890500068665,0.5,,,,,,,,,,,,,,,,,,,,,,,,,,,,
234,ResNet18_100%_CIFAR10_609144-26-58-00-18-11-2019,,ResNet18,32.0,CIFAR10,10.0,0.0,0.001,Mon Nov 18 00:58:26 2019,0.9431908945686899,,0.0,0.9413566079608984,1.0,0.0,4347.254293203354,0.5,,,,,,,,,,,,,,,,,,,,,,,,,,,,
235,ResNet18_50%_CIFAR10_101019-21-12-02-18-11-2019,,ResNet18,32.0,CIFAR10,20.0,1.0,0.001,Mon Nov 18 02:12:21 2019,0.81060303514377,,0.5,0.81196936753047,1.0,0.0,2068.401622056961,0.5,,,,,,,,,,,,,,,,,,,,,,,,,,,,
236,ResNet18_50%_CIFAR10_359583-15-48-02-18-11-2019,,ResNet18,32.0,CIFAR10,20.0,0.0,0.001,Mon Nov 18 02:48:15 2019,0.9376996805111819,,0.5,0.9370819457826908,1.0,0.0,4521.702661514282,0.5,,,,,,,,,,,,,,,,,,,,,,,,,,,,
237,ResNet18_9%_CIFAR10_264005-46-04-04-18-11-2019,,ResNet18,32.0,CIFAR10,30.0,1.0,0.001,Mon Nov 18 04:04:46 2019,0.7786541533546326,,0.9,0.7783629790219246,1.0,0.0,1284.5742011070254,0.5,,,,,,,,,,,,,,,,,,,,,,,,,,,,
238,ResNet18_9%_CIFAR10_767275-19-27-04-18-11-2019,,ResNet18,32.0,CIFAR10,30.0,0.0,0.001,Mon Nov 18 04:27:19 2019,0.9029552715654952,,0.9,0.9003668381031269,1.0,0.0,2018.171414375305,0.5,,,,,,,,,,,,,,,,,,,,,,,,,,,,
239,ResNet18_5%_CIFAR10_606697-05-02-05-18-11-2019,,ResNet18,32.0,CIFAR10,40.0,1.0,0.001,Mon Nov 18 05:02:05 2019,0.7659744408945687,,0.95,0.7598995399248331,1.0,0.0,1303.575314760208,0.5,,,,,,,,,,,,,,,,,,,,,,,,,,,,
240,ResNet18_5%_CIFAR10_354039-55-24-05-18-11-2019,,ResNet18,32.0,CIFAR10,40.0,0.0,0.001,Mon Nov 18 05:24:55 2019,0.8757987220447284,,0.95,0.87651972972793,1.0,0.0,1797.7866418361664,0.5,,,,,,,,,,,,,,,,,,,,,,,,,,,,
241,ResNet18_500_CIFAR10_458383-04-56-05-18-11-2019,,ResNet18,32.0,CIFAR10,50.0,1.0,0.001,Mon Nov 18 05:56:04 2019,0.7950279552715654,,500.0,0.7961918828589303,1.0,0.0,1849.240271806717,0.5,,,,,,,,,,,,,,,,,,,,,,,,,,,,
242,ResNet18_500_CIFAR10_277778-02-28-06-18-11-2019,,ResNet18,32.0,CIFAR10,50.0,0.0,0.001,Mon Nov 18 06:28:02 2019,0.9116413738019168,,500.0,0.9112940312015128,1.0,0.0,3068.883462667465,0.5,,,,,,,,,,,,,,,,,,,,,,,,,,,,
243,ResNet18_100_CIFAR10_393166-16-20-07-18-11-2019,,ResNet18,32.0,CIFAR10,60.0,1.0,0.001,Mon Nov 18 07:20:16 2019,0.7268370607028753,,100.0,0.726568999804395,1.0,0.0,1502.8223214149475,0.5,,,,,,,,,,,,,,,,,,,,,,,,,,,,
244,ResNet18_100_CIFAR10_252642-26-46-07-18-11-2019,,ResNet18,32.0,CIFAR10,60.0,0.0,0.001,Mon Nov 18 07:46:26 2019,0.8359624600638977,,100.0,0.8364035391697799,1.0,0.0,1810.5993905067444,0.5,,,,,,,,,,,,,,,,,,,,,,,,,,,,
245,ResNet18_50_CIFAR10_670949-41-17-08-18-11-2019,,ResNet18,32.0,CIFAR10,70.0,1.0,0.001,Mon Nov 18 08:17:42 2019,0.6559504792332268,,50.0,0.6568600298845239,1.0,0.0,1601.1943261623385,0.5,,,,,,,,,,,,,,,,,,,,,,,,,,,,
246,ResNet18_50_CIFAR10_504222-28-45-08-18-11-2019,,ResNet18,32.0,CIFAR10,70.0,0.0,0.001,Mon Nov 18 08:45:28 2019,0.770167731629393,,50.0,0.7685530369622494,1.0,0.0,1774.813960313797,0.5,,,,,,,,,,,,,,,,,,,,,,,,,,,,
247,ResNet18_10_CIFAR10_639243-07-16-09-18-11-2019,,ResNet18,32.0,CIFAR10,80.0,1.0,0.001,Mon Nov 18 09:16:07 2019,0.3653154952076677,,10.0,0.3672664532002923,1.0,0.0,1673.3772954940796,0.5,,,,,,,,,,,,,,,,,,,,,,,,,,,,
248,ResNet18_10_CIFAR10_811445-06-45-09-18-11-2019,,ResNet18,32.0,CIFAR10,80.0,0.0,0.001,Mon Nov 18 09:45:06 2019,0.5218650159744409,,10.0,0.5240116101463662,1.0,0.0,1709.5361714363098,0.5,,,,,,,,,,,,,,,,,,,,,,,,,,,,
249,ResNet18_100%_GTSRB_490395-53-13-10-18-11-2019,,ResNet18,32.0,GTSRB,15.0,0.0,0.001,Mon Nov 18 10:13:53 2019,0.9846518987341772,,0.0,0.9842063966751072,1.0,0.0,5290.5072939395895,0.5,,,,,,,,,,,,,,,,,,,,,,,,,,,,
250,ResNet18_100%_GTSRB_858506-21-42-11-18-11-2019,,ResNet18,32.0,GTSRB,30.0,1.0,0.001,Mon Nov 18 11:42:21 2019,0.6849108170310703,,0.0,0.6541990469083941,1.0,0.0,4181.2146248817435,0.5,,,,,,,,,,,,,,,,,,,,,,,,,,,,
251,ResNet18_50%_GTSRB_584591-19-52-12-18-11-2019,,ResNet18,32.0,GTSRB,30.0,0.0,0.001,Mon Nov 18 12:52:19 2019,0.984493670886076,,0.5,0.9826367611095176,1.0,0.0,5487.652797460556,0.5,,,,,,,,,,,,,,,,,,,,,,,,,,,,
252,ResNet18_50%_GTSRB_671540-02-24-14-18-11-2019,,ResNet18,32.0,GTSRB,60.0,1.0,0.001,Mon Nov 18 14:24:02 2019,0.6813219217491369,,0.5,0.6543760610561873,1.0,0.0,4487.5303790569305,0.5,,,,,,,,,,,,,,,,,,,,,,,,,,,,
253,ResNet18_9%_GTSRB_975095-04-39-15-18-11-2019,,ResNet18,32.0,GTSRB,45.0,0.0,0.001,Mon Nov 18 15:39:05 2019,0.9510284810126582,,0.9,0.9415020124267808,1.0,0.0,2530.1172790527344,0.5,,,,,,,,,,,,,,,,,,,,,,,,,,,,
254,ResNet18_9%_GTSRB_154308-31-21-16-18-11-2019,,ResNet18,32.0,GTSRB,90.0,1.0,0.001,Mon Nov 18 16:21:31 2019,0.5880106444188722,,0.9,0.5428386560214858,1.0,0.0,2627.6082906723027,0.5,,,,,,,,,,,,,,,,,,,,,,,,,,,,
255,ResNet18_5%_GTSRB_369212-32-05-17-18-11-2019,,ResNet18,32.0,GTSRB,60.0,0.0,0.001,Mon Nov 18 17:05:32 2019,0.9055379746835444,,0.95,0.8816333755347658,1.0,0.0,2259.778574228287,0.5,,,,,,,,,,,,,,,,,,,,,,,,,,,,
256,ResNet18_5%_GTSRB_527394-25-43-17-18-11-2019,,ResNet18,32.0,GTSRB,120.0,1.0,0.001,Mon Nov 18 17:43:25 2019,0.552042577675489,,0.95,0.4986978734152734,1.0,0.0,2662.961816072464,0.5,,,,,,,,,,,,,,,,,,,,,,,,,,,,
257,ResNet18_200_GTSRB_882343-02-28-18-18-11-2019,,ResNet18,32.0,GTSRB,75.0,0.0,0.001,Mon Nov 18 18:28:02 2019,0.9792361910241656,,200.0,0.9785887228788746,1.0,0.0,6481.434245109558,0.5,,,,,,,,,,,,,,,,,,,,,,,,,,,,
258,ResNet18_200_GTSRB_569645-20-16-20-18-11-2019,,ResNet18,32.0,GTSRB,150.0,1.0,0.001,Mon Nov 18 20:16:20 2019,0.6420382623705408,,200.0,0.6398730704778999,1.0,0.0,6028.891869544983,0.5,,,,,,,,,,,,,,,,,,,,,,,,,,,,
259,ResNet18_100_GTSRB_635833-07-57-21-18-11-2019,,ResNet18,32.0,GTSRB,90.0,0.0,0.001,Mon Nov 18 21:57:07 2019,0.9692678365937859,,100.0,0.9689530798610396,1.0,0.0,4749.421406507492,0.5,,,,,,,,,,,,,,,,,,,,,,,,,,,,
260,ResNet18_100_GTSRB_763083-32-16-23-18-11-2019,,ResNet18,32.0,GTSRB,180.0,1.0,0.001,Mon Nov 18 23:16:32 2019,0.5951237054085156,,100.0,0.5946955659351297,1.0,0.0,4914.686105489731,0.5,,,,,,,,,,,,,,,,,,,,,,,,,,,,
261,ResNet18_50_GTSRB_743474-39-38-00-19-11-2019,,ResNet18,32.0,GTSRB,105.0,0.0,0.001,Tue Nov 19 00:38:39 2019,0.9481803797468354,,50.0,0.9480380426577668,1.0,0.0,3573.1056232452393,0.5,,,,,,,,,,,,,,,,,,,,,,,,,,,,
262,ResNet18_50_GTSRB_895518-25-38-01-19-11-2019,,ResNet18,32.0,GTSRB,210.0,1.0,0.001,Tue Nov 19 01:38:26 2019,0.5315520713463752,,50.0,0.5267544921613396,1.0,0.0,4181.523055553436,0.5,,,,,,,,,,,,,,,,,,,,,,,,,,,,
263,ResNet18_10_GTSRB_972828-21-48-02-19-11-2019,,ResNet18,32.0,GTSRB,120.0,0.0,0.001,Tue Nov 19 02:48:22 2019,0.6622914269275029,,10.0,0.6683506404648305,1.0,0.0,2402.921802282333,0.5,,,,,,,,,,,,,,,,,,,,,,,,,,,,
264,ResNet18_10_GTSRB_141109-38-28-03-19-11-2019,,ResNet18,32.0,GTSRB,240.0,1.0,0.001,Tue Nov 19 03:28:38 2019,0.3163550057537399,,10.0,0.3231864741157707,1.0,0.0,3577.9214379787445,0.5,,,,,,,,,,,,,,,,,,,,,,,,,,,,
265,ResNet18_5_CIFAR10_538788-33-59-23-19-11-2019,,ResNet18,4.0,CIFAR10,400.0,0.0,0.001,Tue Nov 19 23:59:33 2019,0.5371405750798722,,5.0,0.5380943819557277,1.0,0.0,7879.333342552185,0.5,,,,,,,,,,,,,,,,,,,,,,,,,,,,
266,ResNet18_5_CIFAR10_708468-59-11-02-20-11-2019,,ResNet18,4.0,CIFAR10,400.0,1.0,0.001,Wed Nov 20 02:11:59 2019,0.5119808306709265,,5.0,0.5114802242338183,1.0,0.0,7698.668098926544,0.5,,,,,,,,,,,,,,,,,,,,,,,,,,,,
267,ResNet18_1_CIFAR10_534155-45-44-23-20-11-2019,,ResNet18,4.0,CIFAR10,400.0,0.0,0.001,Wed Nov 20 23:44:45 2019,0.30261581469648563,,1.0,0.2994794924241145,1.0,0.0,7958.830643892287,0.5,,,,,,,,,,,,,,,,,,,,,,,,,,,,
268,ResNet18_1_CIFAR10_700674-44-58-01-21-11-2019,,ResNet18,4.0,CIFAR10,400.0,1.0,0.001,Thu Nov 21 01:58:44 2019,0.3304712460063898,,1.0,0.3286221762992261,1.0,0.0,7707.935672044753,0.5,,,,,,,,,,,,,,,,,,,,,,,,,,,,
269,ResNet18_1_CIFAR10_678916-51-11-01-22-11-2019,,ResNet18,4.0,CIFAR10,400.0,0.0,0.001,Fri Nov 22 01:11:51 2019,0.2387180511182109,,1.0,0.2384512757782193,1.0,0.0,7649.480010509491,0.0,,,,,,,,,,,,,,,,,,,,,,,,,,,,
270,ResNet18_1_CIFAR10_370375-30-20-03-22-11-2019,,ResNet18,4.0,CIFAR10,400.0,1.0,0.001,Fri Nov 22 03:20:30 2019,0.26477635782747605,,1.0,0.2647614624452637,1.0,0.0,7613.3856563568115,0.0,,,,,,,,,,,,,,,,,,,,,,,,,,,,
271,ResNet18_5_CIFAR10_885107-24-28-05-22-11-2019,,ResNet18,4.0,CIFAR10,400.0,0.0,0.001,Fri Nov 22 05:28:25 2019,0.5083865814696485,,5.0,0.508718737037427,1.0,0.0,7851.915089607239,0.0,,,,,,,,,,,,,,,,,,,,,,,,,,,,
272,ResNet18_5_CIFAR10_842958-16-40-07-22-11-2019,,ResNet18,4.0,CIFAR10,400.0,1.0,0.001,Fri Nov 22 07:40:16 2019,0.5402356230031949,,5.0,0.5410884228881148,1.0,0.0,7725.076899528503,0.0,,,,,,,,,,,,,,,,,,,,,,,,,,,,
273,ResNet18_1_GTSRB_613609-47-28-00-24-11-2019,,ResNet18,4.0,GTSRB,400.0,0.0,0.001,Sun Nov 24 00:28:47 2019,0.2861262945914845,,1.0,0.2855228102304108,1.0,0.0,6299.6842291355115,0.5,,,,,,,,,,,,,,,,,,,,,,,,,,,,
274,ResNet18_1_GTSRB_375831-08-14-02-24-11-2019,,ResNet18,4.0,GTSRB,400.0,1.0,0.001,Sun Nov 24 02:14:08 2019,0.1956271576524741,,1.0,0.19762180014827296,1.0,0.0,6177.4537003040305,0.5,,,,,,,,,,,,,,,,,,,,,,,,,,,,
275,ResNet18_5_GTSRB_350123-19-57-03-24-11-2019,,ResNet18,4.0,GTSRB,400.0,0.0,0.001,Sun Nov 24 03:57:19 2019,0.7920238780207135,,5.0,0.8033916024911493,1.0,0.0,7161.461799621582,0.5,,,,,,,,,,,,,,,,,,,,,,,,,,,,
276,ResNet18_5_GTSRB_017672-57-56-05-24-11-2019,,ResNet18,4.0,GTSRB,400.0,1.0,0.001,Sun Nov 24 05:56:57 2019,0.3924697928653625,,5.0,0.39254429670622304,1.0,0.0,6459.391706943512,0.5,,,,,,,,,,,,,,,,,,,,,,,,,,,,
277,ResNet18_1_GTSRB_473686-30-23-00-25-11-2019,,ResNet18,4.0,GTSRB,400.0,0.0,0.001,Mon Nov 25 00:23:30 2019,0.22213751438434984,,1.0,0.2273313809267235,1.0,0.0,6445.253837585449,0.0,,,,,,,,,,,,,,,,,,,,,,,,,,,,
278,ResNet18_1_GTSRB_727527-16-11-02-25-11-2019,,ResNet18,4.0,GTSRB,400.0,1.0,0.001,Mon Nov 25 02:11:16 2019,0.1641542002301496,,1.0,0.16728792794458305,1.0,0.0,6292.914719820024,0.0,,,,,,,,,,,,,,,,,,,,,,,,,,,,
279,ResNet18_5_GTSRB_353450-23-56-03-25-11-2019,,ResNet18,4.0,GTSRB,400.0,0.0,0.001,Mon Nov 25 03:56:23 2019,0.6732523014959724,,5.0,0.6885520304548672,1.0,0.0,7303.665496349335,0.0,,,,,,,,,,,,,,,,,,,,,,,,,,,,
280,ResNet18_5_GTSRB_716095-24-58-05-25-11-2019,,ResNet18,4.0,GTSRB,400.0,1.0,0.001,Mon Nov 25 05:58:24 2019,0.3705048906789413,,5.0,0.3684760001879812,1.0,0.0,6610.72667622566,0.0,,,,,,,,,,,,,,,,,,,,,,,,,,,,
281,ResNet18Cosine_5_CIFAR10_910704-33-26-00-03-12-2019,,ResNet18Cosine,4.0,CIFAR10,400.0,1.0,0.001,Tue Dec  3 00:26:34 2019,0.4188,,5.0,0.4166086349206349,1.0,0.0,7813.37078309059,0.25,1.0,True,,,,,,,,,,,,,,,,,,,,,,,,,,
282,ResNet18Cosine_1_CIFAR10_379797-55-37-02-03-12-2019,,ResNet18Cosine,4.0,CIFAR10,400.0,1.0,0.001,Tue Dec  3 02:37:55 2019,0.147,,1.0,0.1466381481481486,1.0,0.0,7757.576536178589,0.25,1.0,True,,,,,,,,,,,,,,,,,,,,,,,,,,
283,ResNet18Cosine_5_GTSRB_602298-26-47-04-03-12-2019,,ResNet18Cosine,4.0,GTSRB,400.0,1.0,0.001,Tue Dec  3 04:47:26 2019,0.19082278481012646,,5.0,0.1884818905309413,1.0,0.0,6650.057057857513,0.25,1.0,True,,,,,,,,,,,,,,,,,,,,,,,,,,
284,ResNet18Cosine_5_CIFAR10_595483-37-56-07-03-12-2019,,ResNet18Cosine,4.0,CIFAR10,1000.0,1.0,0.001,Tue Dec  3 07:56:37 2019,0.5356,,5.0,0.5377351700680273,1.0,0.0,19580.730252027508,0.25,1.0,True,,,,,,,,,,,,,,,,,,,,,,,,,,
285,ResNet18Cosine_5_CIFAR10_754109-00-42-23-03-12-2019,,ResNet18Cosine,4.0,CIFAR10,1500.0,1.0,0.001,Tue Dec  3 23:42:00 2019,0.5081,,5.0,0.5065277944066519,1.0,0.0,29884.66778826713,0.5,1.0,True,,,,,,,,,,,,,,,,,,,,,,,,,,
286,ResNet18Cosine_1_CIFAR10_827678-11-33-01-06-12-2019,,ResNet18Cosine,4.0,CIFAR10,1200.0,0.0,0.001,Fri Dec  6 01:33:11 2019,0.1996,,1.0,0.19990190476190486,1.0,0.0,23199.922877073284,0.0,1.0,True,,,,,,,,,,,,,,,,,,,,,,,,,,
287,ResNet18Cosine_1_CIFAR10_925144-05-01-08-06-12-2019,,ResNet18Cosine,4.0,CIFAR10,1200.0,1.0,0.001,Fri Dec  6 08:01:06 2019,0.2456,,1.0,0.2460656840513983,1.0,0.0,23888.024287700653,0.0,1.0,True,,,,,,,,,,,,,,,,,,,,,,,,,,
288,ResNet18Cosine_5_CIFAR10_209137-14-40-14-06-12-2019,,ResNet18Cosine,4.0,CIFAR10,1200.0,0.0,0.001,Fri Dec  6 14:40:14 2019,0.5782,,5.0,0.5785847906273627,1.0,0.0,24255.93039894104,0.0,1.0,True,,,,,,,,,,,,,,,,,,,,,,,,,,
289,ResNet18Cosine_5_CIFAR10_954526-30-25-21-06-12-2019,,ResNet18Cosine,4.0,CIFAR10,1200.0,1.0,0.001,Fri Dec  6 21:25:31 2019,0.5387,,5.0,0.5370265185185188,1.0,0.0,24470.523356199257,0.0,1.0,True,,,,,,,,,,,,,,,,,,,,,,,,,,
290,ResNet18Cosine_1_GTSRB_897918-37-13-04-07-12-2019,,ResNet18Cosine,4.0,GTSRB,1200.0,0.0,0.001,Sat Dec  7 04:13:38 2019,0.20915084388185654,,1.0,0.2098776248364858,1.0,0.0,19568.393801450733,0.0,1.0,True,,,,,,,,,,,,,,,,,,,,,,,,,,
291,ResNet18Cosine_1_GTSRB_313105-59-39-09-07-12-2019,,ResNet18Cosine,4.0,GTSRB,1200.0,1.0,0.001,Sat Dec  7 09:39:59 2019,0.13581223628691982,,1.0,0.13538883502807572,1.0,0.0,18936.694783210758,0.0,1.0,True,,,,,,,,,,,,,,,,,,,,,,,,,,
292,ResNet18Cosine_5_GTSRB_640530-53-55-14-07-12-2019,,ResNet18Cosine,4.0,GTSRB,1200.0,0.0,0.001,Sat Dec  7 14:55:53 2019,0.7335706751054852,,5.0,0.7438200414213069,1.0,0.0,22298.385789155964,0.0,1.0,True,,,,,,,,,,,,,,,,,,,,,,,,,,
293,ResNet18Cosine_5_GTSRB_763127-52-12-02-08-12-2019,,ResNet18Cosine,4.0,GTSRB,1200.0,1.0,0.001,Sun Dec  8 02:12:52 2019,0.2828586497890295,,5.0,0.2820085756952849,1.0,0.0,19628.64534640312,0.0,1.0,True,,,,,,,,,,,,,,,,,,,,,,,,,,
294,ResNet18Cosine_1_CIFAR10_771642-54-50-23-08-12-2019,,ResNet18Cosine,4.0,CIFAR10,2000.0,0.0,0.001,Sun Dec  8 23:50:54 2019,0.2266,,1.0,0.22664694633408944,1.0,0.0,38817.748871803284,0.0,1.0,True,,,,,,,,,,,,,,,,,,,,,,,,,,
295,ResNet18Cosine_1_CIFAR10_781953-03-39-10-09-12-2019,,ResNet18Cosine,4.0,CIFAR10,2000.0,1.0,0.001,Mon Dec  9 10:39:03 2019,0.2979,,1.0,0.2988257989417991,1.0,0.0,39017.97437286377,0.0,1.0,True,,,,,,,,,,,,,,,,,,,,,,,,,,
296,ResNet18Cosine_1_GTSRB_070278-34-29-21-09-12-2019,,ResNet18Cosine,4.0,GTSRB,2000.0,0.0,0.001,Mon Dec  9 21:29:34 2019,0.23256856540084386,,1.0,0.2301210446843361,1.0,0.0,32750.57393574715,0.0,1.0,True,,,,,,,,,,,,,,,,,,,,,,,,,,
297,ResNet18Cosine_1_GTSRB_964643-39-35-06-10-12-2019,,ResNet18Cosine,4.0,GTSRB,2000.0,1.0,0.001,Tue Dec 10 06:35:39 2019,0.14488396624472574,,1.0,0.14578847500366504,1.0,0.0,31432.137727260586,0.0,1.0,True,,,,,,,,,,,,,,,,,,,,,,,,,,
298,ResNet18Cosine_1_CIFAR10_079239-07-46-23-11-12-2019,,ResNet18Cosine,4.0,CIFAR10,2000.0,0.0,0.001,Wed Dec 11 23:46:07 2019,0.3152,,1.0,0.31919626455026484,1.0,0.0,39644.58852338791,0.5,1.0,True,,,,,,,,,,,,,,,,,,,,,,,,,,
299,ResNet18Cosine_1_CIFAR10_896389-09-48-10-12-12-2019,,ResNet18Cosine,4.0,CIFAR10,2000.0,1.0,0.001,Thu Dec 12 10:48:09 2019,0.3277,,1.0,0.3257785487528344,1.0,0.0,40149.57771420479,0.5,1.0,True,,,,,,,,,,,,,,,,,,,,,,,,,,
300,ResNet18Cosine_5_CIFAR10_349307-32-58-21-12-12-2019,,ResNet18Cosine,4.0,CIFAR10,1200.0,0.0,0.001,Thu Dec 12 21:58:32 2019,0.5125,,5.0,0.5139316099773243,1.0,0.0,24500.41767692566,0.5,1.0,True,,,,,,,,,,,,,,,,,,,,,,,,,,
301,ResNet18Cosine_5_CIFAR10_431358-59-47-04-13-12-2019,,ResNet18Cosine,4.0,CIFAR10,1200.0,1.0,0.001,Fri Dec 13 04:47:59 2019,0.4527,,5.0,0.4562996296296296,1.0,0.0,23733.151057004918,0.5,1.0,True,,,,,,,,,,,,,,,,,,,,,,,,,,
302,ResNet18Cosine_1_GTSRB_749072-44-23-11-13-12-2019,,ResNet18Cosine,4.0,GTSRB,2000.0,0.0,0.001,Fri Dec 13 11:23:44 2019,0.2901898734177215,,1.0,0.2883537695895293,1.0,0.0,32864.59582090378,0.5,1.0,True,,,,,,,,,,,,,,,,,,,,,,,,,,
303,ResNet18Cosine_1_GTSRB_549159-57-31-19-14-12-2019,,ResNet18Cosine,4.0,GTSRB,2000.0,1.0,0.001,Sat Dec 14 19:31:57 2019,0.1662710970464135,,1.0,0.16594932610755386,1.0,0.0,32608.168165683746,0.5,1.0,True,,,,,,,,,,,,,,,,,,,,,,,,,,
304,ResNet18Cosine_5_GTSRB_372076-47-35-04-15-12-2019,,ResNet18Cosine,4.0,GTSRB,1200.0,0.0,0.001,Sun Dec 15 04:35:47 2019,0.7561181434599157,,5.0,0.7647376832028725,1.0,0.0,21758.05197572708,0.5,1.0,True,,,,,,,,,,,,,,,,,,,,,,,,,,
305,ResNet18Cosine_5_GTSRB_349470-40-38-10-15-12-2019,,ResNet18Cosine,4.0,GTSRB,1200.0,1.0,0.001,Sun Dec 15 10:38:40 2019,0.3244198312236287,,5.0,0.3212257620485472,1.0,0.0,19730.675802469254,0.5,1.0,True,,,,,,,,,,,,,,,,,,,,,,,,,,
306,Few-Shot Learning Training,,,16.0,gtsrb,,,,,,,,,1.0,,3832.716050386429,,,,0.9321875,2200.0,resnet18,ProtoNet,2500.0,5.0,5.0,adam,few-shot learning,,,,,,,,,,,,,,,,,
307,Few-Shot Learning Training,,,16.0,cifar100,,,,,,,,,1.0,,3577.188080072403,,,,0.7398958333333333,0.0,resnet18,ProtoNet,2500.0,5.0,5.0,adam,few-shot learning,,,,,,,,,,,,,,,,,
308,Few-Shot Learning Training,,,16.0,cifar10,,,,,,,,,1.0,,4158.3059883117685,,,,0.6659375,0.0,resnet18,ProtoNet,2500.0,5.0,5.0,adam,few-shot learning,,,,,,,,,,,,,,,,,
309,Few-Shot Learning Training,,,16.0,gtsrb,,,,,,,,,1.0,,4680.6915657520285,,,,0.88375,1600.0,resnet18,ProtoNet,5000.0,1.0,5.0,adam,few-shot learning,,,,,,,,,,,,,,,,,
310,Few-Shot Learning Training,,,16.0,cifar100,,,,,,,,,1.0,,4387.984562397003,,,,0.5209375,4900.0,resnet18,ProtoNet,5000.0,1.0,5.0,adam,few-shot learning,,,,,,,,,,,,,,,,,
311,Few-Shot Learning Training,,,16.0,cifar10,,,,,,,,,1.0,,5636.949059486389,,,,0.465625,4900.0,resnet18,ProtoNet,5000.0,1.0,5.0,adam,few-shot learning,,,,,,,,,,,,,,,,,
312,Few-Shot Learning Training,,,16.0,gtsrb,,,,,,,,,1.0,,3938.657068967819,,,,0.896875,2499.0,resnet18,ProtoNet,2500.0,5.0,5.0,adam,few-shot learning,,,,,,,,,,,,,,,,,
313,Few-Shot Learning Training,,,16.0,cifar100,,,,,,,,,1.0,,3676.424750328064,,,,0.5444791666666666,2499.0,resnet18,ProtoNet,2500.0,5.0,5.0,adam,few-shot learning,,,,,,,,,,,,,,,,,
314,Few-Shot Learning Training,,,16.0,cifar10,,,,,,,,,1.0,,4282.776838064194,,,,0.5365625,2400.0,resnet18,ProtoNet,2500.0,5.0,5.0,adam,few-shot learning,,,,,,,,,,,,,,,,,
315,Few-Shot Learning Training,,,16.0,gtsrb,,,,,,,,,1.0,,4739.119048833847,,,,0.8672916666666667,4400.0,resnet18,ProtoNet,5000.0,1.0,5.0,adam,few-shot learning,,,,,,,,,,,,,,,,,
316,Few-Shot Learning Training,,,16.0,cifar100,,,,,,,,,1.0,,4401.773328304291,,,,0.40458333333333335,4900.0,resnet18,ProtoNet,5000.0,1.0,5.0,adam,few-shot learning,,,,,,,,,,,,,,,,,
317,Few-Shot Learning Training,,,16.0,cifar10,,,,,,,,,1.0,,5576.5913393497485,,,,0.4321875,2900.0,resnet18,ProtoNet,5000.0,1.0,5.0,adam,few-shot learning,,,,,,,,,,,,,,,,,
318,Few-Shot Learning Training,,,16.0,cub,,,,,,,,,2.0,,10716.03735923767,,,,0.5144791666666667,6000.0,resnet18,RelationNet,10000.0,5.0,5.0,adam,few-shot learning,,,,,,,,,,,,,,,,,
319,Few-Shot Learning Training,,,16.0,cub,,,,,,,,,2.0,,10705.434452056883,,,,0.6829166666666666,7000.0,resnet18,ProtoNet,10000.0,5.0,5.0,adam,few-shot learning,,,,,,,,,,,,,,,,,
320,Few-Shot Learning Training,,,16.0,cub,,,,,,,,,2.0,,21725.264805078503,,,,0.6692708333333334,19999.0,resnet18,ProtoNet,20000.0,5.0,5.0,adam,few-shot learning,,,,,,,,,,,,,,,,,
321,Few-Shot Learning Training,,,16.0,cub,,,,,,,,,2.0,,11847.068510055542,,,,0.5090625,9500.0,resnet18,ProtoNet,20000.0,1.0,5.0,adam,few-shot learning,,,,,,,,,,,,,,,,,
322,Few-Shot Learning Training,,,16.0,cub,,,,,,,,,3.0,,21128.32708859444,0.25,,,0.6604166666666667,6500.0,resnet18,ProtoNet,20000.0,5.0,5.0,adam,few-shot learning,,,,,,,,,,,,,,,,,
323,Few-Shot Learning Training,,,16.0,cub,,,,,,,,,3.0,,11657.252579689026,0.25,,,0.5146875,18500.0,resnet18,ProtoNet,20000.0,1.0,5.0,adam,few-shot learning,,,,,,,,,,,,,,,,,
324,Few-Shot Learning Training,,,16.0,cub,,,,,,,,,3.0,,21610.518824100494,0.25,,,0.7567708333333333,17000.0,resnet18,ProtoNet,20000.0,5.0,5.0,adam,few-shot learning,,,,,,,,,,,,,,,,,
325,Few-Shot Learning Training,,,16.0,cub,,,,,,,,,3.0,,11839.534568309786,0.25,,,0.5785416666666666,17000.0,resnet18,ProtoNet,20000.0,1.0,5.0,adam,few-shot learning,,,,,,,,,,,,,,,,,
326,Few-Shot Learning Training,,,16.0,cub,,,,,,,,,0.0,,23086.06103754044,0.75,,,0.6882291666666667,200.0,resnet18,Baseline,400.0,5.0,5.0,adam,few-shot learning,,,,,,,,,,,,,,,,,
327,Few-Shot Learning Training,,,16.0,cub,,,,,,,,,0.0,,22829.36825847625,0.75,,,0.5151041666666667,200.0,resnet18,Baseline,400.0,1.0,5.0,adam,few-shot learning,,,,,,,,,,,,,,,,,
328,Few-Shot Learning Training,,,16.0,cub,,,,,,,,,5.0,,23091.849668502808,1.0,,,0.43916666666666665,200.0,resnet18,Baseline++,400.0,5.0,5.0,adam,few-shot learning,,,,,,,,,,,,,,,,,
329,Few-Shot Learning Training,,,16.0,cub,,,,,,,,,10.0,,22405.969089269638,1.0,,,0.4036458333333333,100.0,resnet18,Baseline,400.0,5.0,5.0,adam,few-shot learning,,,,,,,,,,,,,,,,,
330,Few-Shot Learning Training,,,16.0,cub,,,,,,,,,10.0,,18108.953570127487,1.0,,,0.7005208333333334,200.0,resnet18,Baseline,400.0,5.0,5.0,adam,few-shot learning,,,,,,,,,,,,,,,,,
331,Few-Shot Learning Training,,,16.0,gtsrb,,,,,,,,,12.0,,9845.927744150162,1.0,,,0.831875,19.0,resnet18,Baseline,20.0,5.0,5.0,adam,few-shot learning,,,,,,,,,,,,,,,,,
332,Few-Shot Learning Training,,,16.0,gtsrb,,,,,,,,,12.0,,9870.836687088007,1.0,,,0.7578125,19.0,resnet18,Baseline++,20.0,5.0,5.0,adam,few-shot learning,,,,,,,,,,,,,,,,,
333,Few-Shot Learning Training,,,16.0,gtsrb,,,,,,,,,15.0,,14031.553083896635,1.0,,,0.8482291666666667,20.0,resnet18,Baseline,30.0,5.0,5.0,adam,few-shot learning,,,,,,,,,,,,,,,,,
334,Few-Shot Learning Training,,,16.0,gtsrb,,,,,,,,,15.0,,13884.105528831482,1.0,,,0.7317708333333334,29.0,resnet18,Baseline,30.0,1.0,5.0,adam,few-shot learning,,,,,,,,,,,,,,,,,
335,Few-Shot Learning Training,,,16.0,gtsrb,,,,,,,,,15.0,,14062.746682643892,1.0,,,0.79125,25.0,resnet18,Baseline++,30.0,5.0,5.0,adam,few-shot learning,,,,,,,,,,,,,,,,,
336,Few-Shot Learning Training,,,16.0,gtsrb,,,,,,,,,15.0,,13924.348835706709,1.0,,,0.6925,29.0,resnet18,Baseline++,30.0,1.0,5.0,adam,few-shot learning,,,,,,,,,,,,,,,,,
337,Few-Shot Learning Training,,,16.0,gtsrb,,,,,,,,,15.0,,6214.343156814575,1.0,,,0.953125,8000.0,resnet18,ProtoNet,10000.0,5.0,5.0,adam,few-shot learning,,,,,,,,,,,,,,,,,
338,Few-Shot Learning Training,,,16.0,gtsrb,,,,,,,,,15.0,,3640.453328847885,1.0,,,0.838125,8000.0,resnet18,ProtoNet,10000.0,1.0,5.0,adam,few-shot learning,,,,,,,,,,,,,,,,,
339,Few-Shot Learning Training,,,16.0,gtsrb,,,,,,,,,15.0,,6622.061373949052,1.0,,,0.7860416666666666,8000.0,resnet18,RelationNet,10000.0,5.0,5.0,adam,few-shot learning,,,,,,,,,,,,,,,,,
340,Few-Shot Learning Training,,,16.0,gtsrb,,,,,,,,,15.0,,3720.0628373622894,1.0,,,0.5192708333333333,9000.0,resnet18,RelationNet,10000.0,1.0,5.0,adam,few-shot learning,,,,,,,,,,,,,,,,,
341,Few-Shot Learning Training,,,16.0,cifar10,,,,,,,,,16.0,,19203.928006649017,1.0,,,0.900625,25.0,resnet18,Baseline,30.0,5.0,2.0,adam,few-shot learning,,,,,,,,,,,,,,,,,
342,Few-Shot Learning Training,,,16.0,cifar10,,,,,,,,,20.0,,19365.253318786617,1.0,,,0.8938541666666666,5.0,resnet18,Baseline,30.0,5.0,2.0,adam,few-shot learning,,,,,,,,,,,,,,,,,
343,Few-Shot Learning Training,,,16.0,cifar10,,,,,,,,,20.0,,17658.4988565445,1.0,,,0.8221875,0.0,resnet18,Baseline,30.0,1.0,2.0,adam,few-shot learning,,,,,,,,,,,,,,,,,
344,Few-Shot Learning Training,,,16.0,cifar10,,,,,,,,,20.0,,19202.33820700645,1.0,,,0.8866666666666667,5.0,resnet18,Baseline++,30.0,5.0,2.0,adam,few-shot learning,,,,,,,,,,,,,,,,,
345,Few-Shot Learning Training,,,16.0,cifar10,,,,,,,,,20.0,,17966.43168401718,1.0,,,0.8103125,10.0,resnet18,Baseline++,30.0,1.0,2.0,adam,few-shot learning,,,,,,,,,,,,,,,,,
346,Few-Shot Learning Training,,,16.0,cifar10,,,,,,,,,20.0,,3660.995000600815,1.0,,,0.8996875,4000.0,resnet18,ProtoNet,10000.0,5.0,2.0,adam,few-shot learning,,,,,,,,,,,,,,,,,
347,Few-Shot Learning Training,,,16.0,cifar10,,,,,,,,,20.0,,2999.2753825187683,1.0,,,0.8132291666666667,9000.0,resnet18,ProtoNet,10000.0,1.0,2.0,adam,few-shot learning,,,,,,,,,,,,,,,,,
348,Few-Shot Learning Training,,,16.0,cifar10,,,,,,,,,20.0,,3701.251532077789,1.0,,,0.8607291666666667,8000.0,resnet18,RelationNet,10000.0,5.0,2.0,adam,few-shot learning,,,,,,,,,,,,,,,,,
349,Few-Shot Learning Training,,,16.0,cifar10,,,,,,,,,20.0,,3038.413832187653,1.0,,,0.7615625,9000.0,resnet18,RelationNet,10000.0,1.0,2.0,adam,few-shot learning,,,,,,,,,,,,,,,,,
350,Few-Shot Learning Training,,,16.0,miniImageNet,,,,,,,,,25.0,,20271.17053127289,1.0,,,0.6561458333333333,15.0,resnet18,Baseline,30.0,5.0,5.0,adam,few-shot learning,,,,,,,,,,,,,,,,,
351,Few-Shot Learning Training,,,16.0,miniImageNet,,,,,,,,,25.0,,19689.555965423584,1.0,,,0.4684375,10.0,resnet18,Baseline,30.0,1.0,5.0,adam,few-shot learning,,,,,,,,,,,,,,,,,
352,Few-Shot Learning Training,,,16.0,miniImageNet,,,,,,,,,25.0,,20431.7043542862,1.0,,,0.44375,15.0,resnet18,Baseline++,30.0,5.0,5.0,adam,few-shot learning,,,,,,,,,,,,,,,,,
353,Few-Shot Learning Training,,,16.0,miniImageNet,,,,,,,,,25.0,,19676.07952451706,1.0,,,0.43833333333333335,5.0,resnet18,Baseline++,30.0,1.0,5.0,adam,few-shot learning,,,,,,,,,,,,,,,,,
354,Few-Shot Learning Training,,,16.0,miniImageNet,,,,,,,,,27.0,,9726.533754110336,1.0,,,0.5898958333333333,9000.0,resnet18,ProtoNet,10000.0,5.0,5.0,adam,few-shot learning,,,,,,,,,,,,,,,,,
355,Few-Shot Learning Training,,,16.0,miniImageNet,,,,,,,,,27.0,,5668.1130628585815,1.0,,,0.36822916666666666,9000.0,resnet18,ProtoNet,10000.0,1.0,5.0,adam,few-shot learning,,,,,,,,,,,,,,,,,
356,Few-Shot Learning Training,,,16.0,miniImageNet,,,,,,,,,27.0,,10531.888406515121,1.0,,,0.3190625,7000.0,resnet18,RelationNet,10000.0,5.0,5.0,adam,few-shot learning,,,,,,,,,,,,,,,,,
357,Few-Shot Learning Training,,,16.0,miniImageNet,,,,,,,,,27.0,,5817.589913845062,1.0,,,0.2872916666666667,9999.0,resnet18,RelationNet,10000.0,1.0,5.0,adam,few-shot learning,,,,,,,,,,,,,,,,,
358,Few-Shot Learning Training,,,16.0,miniImageNet,,,,,,,,,30.0,,38048.738440275185,1.0,,,0.7346875,38000.0,resnet18,ProtoNet,40000.0,5.0,5.0,adam,few-shot learning,,,,,,,,,,,,,,,,,
359,Few-Shot Learning Training,,,16.0,miniImageNet,,,,,,,,,30.0,,21589.25439047813,1.0,,,0.5244791666666667,39999.0,resnet18,ProtoNet,40000.0,1.0,5.0,adam,few-shot learning,,,,,,,,,,,,,,,,,
360,Few-Shot Learning Training,,,16.0,miniImageNet,,,,,,,,,32.0,,39649.39523601532,1.0,,,0.514375,38000.0,resnet18,RelationNet,40000.0,5.0,5.0,adam,few-shot learning,,,,,,,,,,,,,,,,,
361,Few-Shot Learning Training,,,16.0,miniImageNet,,,,,,,,,32.0,,21924.62959599496,1.0,,,0.365625,39000.0,resnet18,RelationNet,40000.0,1.0,5.0,adam,few-shot learning,,,,,,,,,,,,,,,,,
362,Few-Shot Learning Training,,,16.0,miniImageNet,,,,,,,,,35.0,,43658.67598247528,1.0,,,0.6627083333333333,39999.0,resnet18-np,RelationNet,40000.0,5.0,5.0,adam,few-shot learning,,,,,,,,,,,,,,,,,
363,Few-Shot Learning Training,,,16.0,miniImageNet,,,,,,,,,35.0,,25565.95761942864,1.0,,,0.465625,39000.0,resnet18-np,RelationNet,40000.0,1.0,5.0,adam,few-shot learning,,,,,,,,,,,,,,,,,
364,Few-Shot Learning Training: MCT + DFMN,,,16.0,gtsrb,,,,,,,,,0.0,,301.5636157989502,,,,0.4236458333333333,0.0,resnet12-np,MCT_DFMN,2.0,5.0,5.0,sgd,few-shot learning,0.5,20.0,1000.0,15.0,,,,,,,,,,,,,
365,FSL_MCTDFMN_965088-49-42-21-24-03-2020,,,,,,,,,,,,,,,,,,,,,,,,,,,,,,,,,,,,,,,,,,,,
366,FSL_MCTDFMN_739506-48-52-21-24-03-2020,,,16.0,gtsrb,,,,,,,,,0.0,,260.97780179977417,,,,0.42354166666666665,0.0,resnet12-np,MCT_DFMN,2.0,5.0,5.0,sgd,few-shot learning,0.5,20.0,1000.0,15.0,D:\petrtsv\projects\ds\pytorch-sessions\FSL_MCTDFMN\FSL_MCTDFMN_739506-48-52-21-24-03-2020\checkpoint,Few-Shot Learning solution based on https://arxiv.org/abs/2002.12017,FSL_MCTDFMN_739506-48-52-21-24-03-2020,D:\petrtsv\projects\ds\pytorch-sessions\FSL_MCTDFMN\FSL_MCTDFMN_739506-48-52-21-24-03-2020\output,FSL_MCTDFMN,D:\petrtsv\projects\ds\pytorch-sessions\FSL_MCTDFMN\FSL_MCTDFMN_739506-48-52-21-24-03-2020,,,,,,,
367,FSL_MCTDFMN_061317-58-20-11-26-03-2020,,,16.0,miniImageNet,,,,,,,,,40.0,,30792.444855928417,,,,0.6886458333333333,32000.0,resnet18-np,MCT_DFMN,40000.0,5.0,5.0,sgd,few-shot learning,1.0,80.0,1000.0,5.0,D:\petrtsv\projects\ds\pytorch-sessions\FSL_MCTDFMN\FSL_MCTDFMN_061317-58-20-11-26-03-2020\checkpoint,Few-Shot Learning solution based on https://arxiv.org/abs/2002.12017,FSL_MCTDFMN_061317-58-20-11-26-03-2020,D:\petrtsv\projects\ds\pytorch-sessions\FSL_MCTDFMN\FSL_MCTDFMN_061317-58-20-11-26-03-2020\output,FSL_MCTDFMN,D:\petrtsv\projects\ds\pytorch-sessions\FSL_MCTDFMN\FSL_MCTDFMN_061317-58-20-11-26-03-2020,,,,,,,
368,FSL_MCTDFMN_908198-57-10-11-27-03-2020,,,16.0,miniImageNet,,,,,,,,,40.0,,72384.32153296469,,,,0.7071875,35000.0,resnet18-np,MCT_DFMN,60000.0,5.0,5.0,sgd,few-shot learning,1.0,80.0,1000.0,15.0,D:\petrtsv\projects\ds\pytorch-sessions\FSL_MCTDFMN\FSL_MCTDFMN_908198-57-10-11-27-03-2020\checkpoint,Few-Shot Learning solution based on https://arxiv.org/abs/2002.12017,FSL_MCTDFMN_908198-57-10-11-27-03-2020,D:\petrtsv\projects\ds\pytorch-sessions\FSL_MCTDFMN\FSL_MCTDFMN_908198-57-10-11-27-03-2020\output,FSL_MCTDFMN,D:\petrtsv\projects\ds\pytorch-sessions\FSL_MCTDFMN\FSL_MCTDFMN_908198-57-10-11-27-03-2020,0.0,0.0,,,,,
369,FSL_PROTONET_AE_225053-14-38-19-27-03-2020,,,2.0,cub,,,,,,,,,-1.0,,7.609342336654662,,,,0.5,0.0,resnet18,ProtoNET_AE,3.0,5.0,5.0,sgd,few-shot learning,1.0,80.0,1000.0,15.0,D:\petrtsv\projects\ds\pytorch-sessions\FSL_PROTONET_AE\FSL_PROTONET_AE_225053-14-38-19-27-03-2020\checkpoint,Few-Shot Learning solution based on autoencoder,FSL_PROTONET_AE_225053-14-38-19-27-03-2020,D:\petrtsv\projects\ds\pytorch-sessions\FSL_PROTONET_AE\FSL_PROTONET_AE_225053-14-38-19-27-03-2020\output,FSL_PROTONET_AE,D:\petrtsv\projects\ds\pytorch-sessions\FSL_PROTONET_AE\FSL_PROTONET_AE_225053-14-38-19-27-03-2020,,,,,,,
370,FSL_PROTONET_AE_833718-19-38-19-27-03-2020,,,2.0,cub,,,,,,,,,-1.0,,2.040857553482056,,,,0.5,0.0,resnet18,ProtoNET_AE,3.0,1.0,5.0,sgd,few-shot learning,1.0,80.0,1000.0,15.0,D:\petrtsv\projects\ds\pytorch-sessions\FSL_PROTONET_AE\FSL_PROTONET_AE_833718-19-38-19-27-03-2020\checkpoint,Few-Shot Learning solution based on autoencoder,FSL_PROTONET_AE_833718-19-38-19-27-03-2020,D:\petrtsv\projects\ds\pytorch-sessions\FSL_PROTONET_AE\FSL_PROTONET_AE_833718-19-38-19-27-03-2020\output,FSL_PROTONET_AE,D:\petrtsv\projects\ds\pytorch-sessions\FSL_PROTONET_AE\FSL_PROTONET_AE_833718-19-38-19-27-03-2020,,,,,,,
371,FSL_PROTONET_AE_490497-27-39-19-27-03-2020,,,8.0,cub,,,,,,,,,-1.0,,8.25334095954895,,,,0.375,2.0,resnet18,ProtoNET_AE,3.0,5.0,5.0,sgd,few-shot learning,1.0,80.0,1000.0,15.0,D:\petrtsv\projects\ds\pytorch-sessions\FSL_PROTONET_AE\FSL_PROTONET_AE_490497-27-39-19-27-03-2020\checkpoint,Few-Shot Learning solution based on autoencoder,FSL_PROTONET_AE_490497-27-39-19-27-03-2020,D:\petrtsv\projects\ds\pytorch-sessions\FSL_PROTONET_AE\FSL_PROTONET_AE_490497-27-39-19-27-03-2020\output,FSL_PROTONET_AE,D:\petrtsv\projects\ds\pytorch-sessions\FSL_PROTONET_AE\FSL_PROTONET_AE_490497-27-39-19-27-03-2020,,,,,,,
372,FSL_PROTONET_AE_001250-34-39-19-27-03-2020,,,8.0,cub,,,,,,,,,-1.0,,2.8964576721191406,,,,0.3333333333333333,0.0,resnet18,ProtoNET_AE,3.0,1.0,5.0,sgd,few-shot learning,1.0,80.0,1000.0,15.0,D:\petrtsv\projects\ds\pytorch-sessions\FSL_PROTONET_AE\FSL_PROTONET_AE_001250-34-39-19-27-03-2020\checkpoint,Few-Shot Learning solution based on autoencoder,FSL_PROTONET_AE_001250-34-39-19-27-03-2020,D:\petrtsv\projects\ds\pytorch-sessions\FSL_PROTONET_AE\FSL_PROTONET_AE_001250-34-39-19-27-03-2020\output,FSL_PROTONET_AE,D:\petrtsv\projects\ds\pytorch-sessions\FSL_PROTONET_AE\FSL_PROTONET_AE_001250-34-39-19-27-03-2020,,,,,,,
373,FSL_MCTDFMN_207568-19-00-07-29-03-2020,,,16.0,miniImageNet,,,,,,,,,40.0,,101772.69892573355,,,,0.7342708333333333,48000.0,resnet12-np,MCT_DFMN,60000.0,5.0,5.0,sgd,few-shot learning,1.0,80.0,1000.0,15.0,D:\petrtsv\projects\ds\pytorch-sessions\FSL_MCTDFMN\FSL_MCTDFMN_207568-19-00-07-29-03-2020\checkpoint,Few-Shot Learning solution based on https://arxiv.org/abs/2002.12017,FSL_MCTDFMN_207568-19-00-07-29-03-2020,D:\petrtsv\projects\ds\pytorch-sessions\FSL_MCTDFMN\FSL_MCTDFMN_207568-19-00-07-29-03-2020\output,FSL_MCTDFMN,D:\petrtsv\projects\ds\pytorch-sessions\FSL_MCTDFMN\FSL_MCTDFMN_207568-19-00-07-29-03-2020,10.0,1.0,,,,,
374,FSL_MCTDFMN_296199-17-54-19-29-03-2020,,,16.0,miniImageNet,,,,,,,,,40.0,,46424.34257149696,,,,0.545625,40000.0,resnet12-np,MCT_DFMN,60000.0,1.0,5.0,sgd,few-shot learning,1.0,80.0,1000.0,15.0,D:\petrtsv\projects\ds\pytorch-sessions\FSL_MCTDFMN\FSL_MCTDFMN_296199-17-54-19-29-03-2020\checkpoint,Few-Shot Learning solution based on https://arxiv.org/abs/2002.12017,FSL_MCTDFMN_296199-17-54-19-29-03-2020,D:\petrtsv\projects\ds\pytorch-sessions\FSL_MCTDFMN\FSL_MCTDFMN_296199-17-54-19-29-03-2020\output,FSL_MCTDFMN,D:\petrtsv\projects\ds\pytorch-sessions\FSL_MCTDFMN\FSL_MCTDFMN_296199-17-54-19-29-03-2020,10.0,1.0,,,,,
375,FSL_MCTDFMN_269307-51-48-11-31-03-2020,,,16.0,miniImageNet,,,,,,,,,50.0,,52093.666107177734,,,,0.5792708333333333,48000.0,resnet12-np,MCT_DFMN,50000.0,1.0,5.0,sgd,few-shot learning,1.0,80.0,1000.0,15.0,D:\petrtsv\projects\ds\pytorch-sessions\FSL_MCTDFMN\FSL_MCTDFMN_269307-51-48-11-31-03-2020\checkpoint,Few-Shot Learning solution based on https://arxiv.org/abs/2002.12017,FSL_MCTDFMN_269307-51-48-11-31-03-2020,D:\petrtsv\projects\ds\pytorch-sessions\FSL_MCTDFMN\FSL_MCTDFMN_269307-51-48-11-31-03-2020\output,FSL_MCTDFMN,D:\petrtsv\projects\ds\pytorch-sessions\FSL_MCTDFMN\FSL_MCTDFMN_269307-51-48-11-31-03-2020,10.0,1.0,True,,,,
376,FSL_MCTDFMN_021933-51-22-09-01-04-2020,,,16.0,miniImageNet,,,,,,,,,60.0,,51170.121564149864,,,,0.6127083333333333,38000.0,resnet12-np-o,MCT_DFMN,50000.0,1.0,5.0,sgd,few-shot learning,1.0,80.0,1000.0,15.0,D:\petrtsv\projects\ds\pytorch-sessions\FSL_MCTDFMN\FSL_MCTDFMN_021933-51-22-09-01-04-2020\checkpoint,Few-Shot Learning solution based on https://arxiv.org/abs/2002.12017,FSL_MCTDFMN_021933-51-22-09-01-04-2020,D:\petrtsv\projects\ds\pytorch-sessions\FSL_MCTDFMN\FSL_MCTDFMN_021933-51-22-09-01-04-2020\output,FSL_MCTDFMN,D:\petrtsv\projects\ds\pytorch-sessions\FSL_MCTDFMN\FSL_MCTDFMN_021933-51-22-09-01-04-2020,10.0,1.0,True,84.0,,,
377,FSL_MCTDFMN_066490-24-15-20-03-04-2020,,,5.0,miniImageNet,,,,,,,,,70.0,,99861.47239303587,,,,0.516622222222222,46000.0,conv64-np-o,MCT_DFMN,50000.0,1.0,5.0,sgd,few-shot learning,1.0,80.0,1000.0,15.0,D:\petrtsv\projects\ds\pytorch-sessions\FSL_MCTDFMN\FSL_MCTDFMN_066490-24-15-20-03-04-2020\checkpoint,Few-Shot Learning solution based on https://arxiv.org/abs/2002.12017,FSL_MCTDFMN_066490-24-15-20-03-04-2020,D:\petrtsv\projects\ds\pytorch-sessions\FSL_MCTDFMN\FSL_MCTDFMN_066490-24-15-20-03-04-2020\output,FSL_MCTDFMN,D:\petrtsv\projects\ds\pytorch-sessions\FSL_MCTDFMN\FSL_MCTDFMN_066490-24-15-20-03-04-2020,10.0,1.0,True,84.0,True,15.0,
378,FSL_MCTDFMN_055670-43-55-20-05-04-2020,,,8.0,miniImageNet,,,,,,,,,100.0,,67715.97698116302,,,,0.7587111111111112,34000.0,conv64-np-o,MCT_DFMN,40000.0,5.0,5.0,sgd,few-shot learning,1.0,80.0,1000.0,15.0,D:\petrtsv\projects\ds\pytorch-sessions\FSL_MCTDFMN\FSL_MCTDFMN_055670-43-55-20-05-04-2020\checkpoint,Few-Shot Learning solution based on https://arxiv.org/abs/2002.12017,FSL_MCTDFMN_055670-43-55-20-05-04-2020,D:\petrtsv\projects\ds\pytorch-sessions\FSL_MCTDFMN\FSL_MCTDFMN_055670-43-55-20-05-04-2020\output,FSL_MCTDFMN,D:\petrtsv\projects\ds\pytorch-sessions\FSL_MCTDFMN\FSL_MCTDFMN_055670-43-55-20-05-04-2020,10.0,1.0,True,84.0,True,15.0,
379,FSL_MCTDFMN_637276-53-47-18-06-04-2020,,,8.0,miniImageNet,,,,,,,,,100.0,,65843.00007963179,,,,0.6655999999999999,37000.0,conv64-np-o,MCT_DFMN,40000.0,1.0,5.0,sgd,few-shot learning,1.0,80.0,1000.0,15.0,D:\petrtsv\projects\ds\pytorch-sessions\FSL_MCTDFMN\FSL_MCTDFMN_637276-53-47-18-06-04-2020\checkpoint,Few-Shot Learning solution based on https://arxiv.org/abs/2002.12017,FSL_MCTDFMN_637276-53-47-18-06-04-2020,D:\petrtsv\projects\ds\pytorch-sessions\FSL_MCTDFMN\FSL_MCTDFMN_637276-53-47-18-06-04-2020\output,FSL_MCTDFMN,D:\petrtsv\projects\ds\pytorch-sessions\FSL_MCTDFMN\FSL_MCTDFMN_637276-53-47-18-06-04-2020,10.0,1.0,True,84.0,True,15.0,
380,FSL_MCTDFMN_transfer_787893-38-04-18-09-04-2020,,,8.0,miniImageNet->cub,,,,,,,,,110.0,,65843.00007963179,,,,0.467088888888889,37000.0,conv64-np-o,MCT_DFMN,40000.0,1.0,5.0,sgd,few-shot learning,1.0,80.0,1000.0,15.0,D:\petrtsv\projects\ds\pytorch-sessions\FSL_MCTDFMN_transfer\FSL_MCTDFMN_transfer_787893-38-04-18-09-04-2020\checkpoint,Few-Shot Learning solution from 'FSL_MCTDFMN_637276-53-47-18-06-04-2020',FSL_MCTDFMN_transfer_787893-38-04-18-09-04-2020,D:\petrtsv\projects\ds\pytorch-sessions\FSL_MCTDFMN_transfer\FSL_MCTDFMN_transfer_787893-38-04-18-09-04-2020\output,FSL_MCTDFMN_transfer,D:\petrtsv\projects\ds\pytorch-sessions\FSL_MCTDFMN_transfer\FSL_MCTDFMN_transfer_787893-38-04-18-09-04-2020,10.0,1.0,True,84.0,True,15.0,
381,FSL_MCTDFMN_transfer_332908-07-06-18-09-04-2020,,,8.0,miniImageNet->cub,,,,,,,,,110.0,,67715.97698116302,,,,0.6193111111111106,34000.0,conv64-np-o,MCT_DFMN,40000.0,5.0,5.0,sgd,few-shot learning,1.0,80.0,1000.0,15.0,D:\petrtsv\projects\ds\pytorch-sessions\FSL_MCTDFMN_transfer\FSL_MCTDFMN_transfer_332908-07-06-18-09-04-2020\checkpoint,Few-Shot Learning solution from 'FSL_MCTDFMN_055670-43-55-20-05-04-2020',FSL_MCTDFMN_transfer_332908-07-06-18-09-04-2020,D:\petrtsv\projects\ds\pytorch-sessions\FSL_MCTDFMN_transfer\FSL_MCTDFMN_transfer_332908-07-06-18-09-04-2020\output,FSL_MCTDFMN_transfer,D:\petrtsv\projects\ds\pytorch-sessions\FSL_MCTDFMN_transfer\FSL_MCTDFMN_transfer_332908-07-06-18-09-04-2020,10.0,1.0,True,84.0,True,15.0,
382,ProtoNet_733298-24-47-20-09-04-2020,,,8.0,miniImageNet,,,,,,,,,120.0,,5893.671482324599,,,,0.4948222222222224,19999.0,conv64-np-o,ProtoNet,20000.0,1.0,5.0,adam,few-shot learning,1.0,80.0,1000.0,15.0,D:\petrtsv\projects\ds\pytorch-sessions\ProtoNet\ProtoNet_733298-24-47-20-09-04-2020\checkpoint,ProtoNet Few-Shot Learning,ProtoNet_733298-24-47-20-09-04-2020,D:\petrtsv\projects\ds\pytorch-sessions\ProtoNet\ProtoNet_733298-24-47-20-09-04-2020\output,ProtoNet,D:\petrtsv\projects\ds\pytorch-sessions\ProtoNet\ProtoNet_733298-24-47-20-09-04-2020,,,,84.0,True,15.0,100.0
383,ProtoNet_661818-03-58-00-10-04-2020,,,8.0,miniImageNet,,,,,,,,,130.0,,11805.57524561882,,,,0.5216222222222222,29000.0,conv64-np-o,ProtoNet,40000.0,1.0,5.0,adam,few-shot learning,1.0,80.0,1000.0,15.0,D:\petrtsv\projects\ds\pytorch-sessions\ProtoNet\ProtoNet_661818-03-58-00-10-04-2020\checkpoint,ProtoNet Few-Shot Learning,ProtoNet_661818-03-58-00-10-04-2020,D:\petrtsv\projects\ds\pytorch-sessions\ProtoNet\ProtoNet_661818-03-58-00-10-04-2020\output,ProtoNet,D:\petrtsv\projects\ds\pytorch-sessions\ProtoNet\ProtoNet_661818-03-58-00-10-04-2020,,,,84.0,True,15.0,100.0
384,ProtoNet_312646-55-13-05-10-04-2020,,,8.0,miniImageNet,,,,,,,,,130.0,,15348.070359945295,,,,0.6879555555555554,36000.0,conv64-np-o,ProtoNet,40000.0,5.0,5.0,adam,few-shot learning,1.0,80.0,1000.0,15.0,D:\petrtsv\projects\ds\pytorch-sessions\ProtoNet\ProtoNet_312646-55-13-05-10-04-2020\checkpoint,ProtoNet Few-Shot Learning,ProtoNet_312646-55-13-05-10-04-2020,D:\petrtsv\projects\ds\pytorch-sessions\ProtoNet\ProtoNet_312646-55-13-05-10-04-2020\output,ProtoNet,D:\petrtsv\projects\ds\pytorch-sessions\ProtoNet\ProtoNet_312646-55-13-05-10-04-2020,,,,84.0,True,15.0,100.0
385,ProtoNet_transfer_556684-17-02-09-10-04-2020,,,8.0,miniImageNet->cub,,,,,,,,,140.0,,11805.57524561882,,,,0.41531111111111146,29000.0,conv64-np-o,ProtoNet,40000.0,1.0,5.0,adam,few-shot learning,1.0,80.0,1000.0,15.0,D:\petrtsv\projects\ds\pytorch-sessions\ProtoNet_transfer\ProtoNet_transfer_556684-17-02-09-10-04-2020\checkpoint,Few-Shot Learning solution from 'ProtoNet_661818-03-58-00-10-04-2020',ProtoNet_transfer_556684-17-02-09-10-04-2020,D:\petrtsv\projects\ds\pytorch-sessions\ProtoNet_transfer\ProtoNet_transfer_556684-17-02-09-10-04-2020\output,ProtoNet_transfer,D:\petrtsv\projects\ds\pytorch-sessions\ProtoNet_transfer\ProtoNet_transfer_556684-17-02-09-10-04-2020,,,,84.0,True,15.0,100.0
386,ProtoNet_transfer_636007-31-03-09-10-04-2020,,,8.0,miniImageNet->cub,,,,,,,,,140.0,,15348.070359945295,,,,0.6400222222222214,36000.0,conv64-np-o,ProtoNet,40000.0,5.0,5.0,adam,few-shot learning,1.0,80.0,1000.0,15.0,D:\petrtsv\projects\ds\pytorch-sessions\ProtoNet_transfer\ProtoNet_transfer_636007-31-03-09-10-04-2020\checkpoint,Few-Shot Learning solution from 'ProtoNet_312646-55-13-05-10-04-2020',ProtoNet_transfer_636007-31-03-09-10-04-2020,D:\petrtsv\projects\ds\pytorch-sessions\ProtoNet_transfer\ProtoNet_transfer_636007-31-03-09-10-04-2020\output,ProtoNet_transfer,D:\petrtsv\projects\ds\pytorch-sessions\ProtoNet_transfer\ProtoNet_transfer_636007-31-03-09-10-04-2020,,,,84.0,True,15.0,100.0
387,ProtoNetAE_527685-50-21-08-12-04-2020,,,4.0,miniImageNet,,,,,,,,,200.0,,23500.16947197914,,,,0.5085714285714278,57000.0,conv64-np-o,ProtoNetAE,80000.0,1.0,5.0,adam,few-shot learning,1.0,80.0,1000.0,15.0,D:\petrtsv\projects\ds\pytorch-sessions\ProtoNetAE\ProtoNetAE_527685-50-21-08-12-04-2020\checkpoint,ProtoNet + AE Loss Few-Shot Learning,ProtoNetAE_527685-50-21-08-12-04-2020,D:\petrtsv\projects\ds\pytorch-sessions\ProtoNetAE\ProtoNetAE_527685-50-21-08-12-04-2020\output,ProtoNetAE,D:\petrtsv\projects\ds\pytorch-sessions\ProtoNetAE\ProtoNetAE_527685-50-21-08-12-04-2020,,,,84.0,True,7.0,100.0
388,ProtoNetAE_362851-19-22-17-12-04-2020,,,4.0,miniImageNet,,,,,,,,,200.0,,32420.962101221085,,,,0.6776666666666668,50000.0,conv64-np-o,ProtoNetAE,80000.0,5.0,5.0,adam,few-shot learning,1.0,80.0,1000.0,15.0,D:\petrtsv\projects\ds\pytorch-sessions\ProtoNetAE\ProtoNetAE_362851-19-22-17-12-04-2020\checkpoint,ProtoNet + AE Loss Few-Shot Learning,ProtoNetAE_362851-19-22-17-12-04-2020,D:\petrtsv\projects\ds\pytorch-sessions\ProtoNetAE\ProtoNetAE_362851-19-22-17-12-04-2020\output,ProtoNetAE,D:\petrtsv\projects\ds\pytorch-sessions\ProtoNetAE\ProtoNetAE_362851-19-22-17-12-04-2020,,,,84.0,True,7.0,100.0
389,ProtoNetMHLNBS_129714-22-18-03-14-04-2020,,,8.0,miniImageNet,,,,,,,,,210.0,,15773.00997710228,,,,0.7012222222222229,16000.0,conv64-p-o,ProtoNetMHLNBS,40000.0,5.0,5.0,adam,few-shot learning,1.0,80.0,1000.0,15.0,D:\petrtsv\projects\ds\pytorch-sessions\ProtoNetMHLNBS\ProtoNetMHLNBS_129714-22-18-03-14-04-2020\checkpoint,ProtoNet with Mahalanobis distance Few-Shot Learning,ProtoNetMHLNBS_129714-22-18-03-14-04-2020,D:\petrtsv\projects\ds\pytorch-sessions\ProtoNetMHLNBS\ProtoNetMHLNBS_129714-22-18-03-14-04-2020\output,ProtoNetMHLNBS,D:\petrtsv\projects\ds\pytorch-sessions\ProtoNetMHLNBS\ProtoNetMHLNBS_129714-22-18-03-14-04-2020,,,,84.0,True,15.0,100.0
390,ProtoNetMHLNBS_976338-00-44-14-14-04-2020,,,8.0,miniImageNet,,,,,,,,,220.0,,23798.879749059677,,,,0.6874444444444442,28000.0,conv64-np-o,ProtoNetMHLNBS,40000.0,5.0,5.0,adam,few-shot learning,1.0,80.0,1000.0,15.0,D:\petrtsv\projects\ds\pytorch-sessions\ProtoNetMHLNBS\ProtoNetMHLNBS_976338-00-44-14-14-04-2020\checkpoint,ProtoNet with Mahalanobis distance Few-Shot Learning,ProtoNetMHLNBS_976338-00-44-14-14-04-2020,D:\petrtsv\projects\ds\pytorch-sessions\ProtoNetMHLNBS\ProtoNetMHLNBS_976338-00-44-14-14-04-2020\output,ProtoNetMHLNBS,D:\petrtsv\projects\ds\pytorch-sessions\ProtoNetMHLNBS\ProtoNetMHLNBS_976338-00-44-14-14-04-2020,,,,84.0,True,15.0,100.0
391,ProtoNetMHLNBS_690069-31-35-20-14-04-2020,,,8.0,miniImageNet,,,,,,,,,220.0,,16091.967373371122,,,,0.6989555555555562,25000.0,conv64-np-o,ProtoNetMHLNBS,40000.0,5.0,5.0,adam,few-shot learning,1.0,80.0,1000.0,15.0,D:\petrtsv\projects\ds\pytorch-sessions\ProtoNetMHLNBS\ProtoNetMHLNBS_690069-31-35-20-14-04-2020\checkpoint,ProtoNet with Mahalanobis distance Few-Shot Learning,ProtoNetMHLNBS_690069-31-35-20-14-04-2020,D:\petrtsv\projects\ds\pytorch-sessions\ProtoNetMHLNBS\ProtoNetMHLNBS_690069-31-35-20-14-04-2020\output,ProtoNetMHLNBS,D:\petrtsv\projects\ds\pytorch-sessions\ProtoNetMHLNBS\ProtoNetMHLNBS_690069-31-35-20-14-04-2020,,,,84.0,True,15.0,100.0
392,ProtoNetMHLNBS_540083-22-14-01-15-04-2020,,,8.0,miniImageNet,,,,,,,,,220.0,,15522.129583358765,,,,0.680288888888889,16000.0,conv64-p-o,ProtoNetMHLNBS,40000.0,5.0,5.0,adam,few-shot learning,1.0,80.0,1000.0,15.0,D:\petrtsv\projects\ds\pytorch-sessions\ProtoNetMHLNBS\ProtoNetMHLNBS_540083-22-14-01-15-04-2020\checkpoint,ProtoNet with Mahalanobis distance Few-Shot Learning,ProtoNetMHLNBS_540083-22-14-01-15-04-2020,D:\petrtsv\projects\ds\pytorch-sessions\ProtoNetMHLNBS\ProtoNetMHLNBS_540083-22-14-01-15-04-2020\output,ProtoNetMHLNBS,D:\petrtsv\projects\ds\pytorch-sessions\ProtoNetMHLNBS\ProtoNetMHLNBS_540083-22-14-01-15-04-2020,,,,84.0,True,15.0,100.0
393,ProtoNet_678225-38-58-04-15-04-2020,,,8.0,cub,,,,,,,,,230.0,,13366.010661125183,,,,0.675666666666666,3000.0,conv64-p-o,ProtoNet,40000.0,5.0,5.0,adam,few-shot learning,1.0,150.0,1000.0,15.0,D:\petrtsv\projects\ds\pytorch-sessions\ProtoNet\ProtoNet_678225-38-58-04-15-04-2020\checkpoint,ProtoNet Few-Shot Learning,ProtoNet_678225-38-58-04-15-04-2020,D:\petrtsv\projects\ds\pytorch-sessions\ProtoNet\ProtoNet_678225-38-58-04-15-04-2020\output,ProtoNet,D:\petrtsv\projects\ds\pytorch-sessions\ProtoNet\ProtoNet_678225-38-58-04-15-04-2020,,,,84.0,True,15.0,200.0
394,ProtoNet_293636-15-17-14-15-04-2020,,,8.0,miniImageNet,,,,,,,,,240.0,,16909.35867476463,,,,0.6992888888888887,16000.0,conv64-p-o,ProtoNet,40000.0,5.0,5.0,adam,few-shot learning,1.0,80.0,1000.0,15.0,D:\petrtsv\projects\ds\pytorch-sessions\ProtoNet\ProtoNet_293636-15-17-14-15-04-2020\checkpoint,ProtoNet Few-Shot Learning,ProtoNet_293636-15-17-14-15-04-2020,D:\petrtsv\projects\ds\pytorch-sessions\ProtoNet\ProtoNet_293636-15-17-14-15-04-2020\output,ProtoNet,D:\petrtsv\projects\ds\pytorch-sessions\ProtoNet\ProtoNet_293636-15-17-14-15-04-2020,,,,84.0,True,15.0,100.0
395,ProtoNetMHLNBS_634929-29-12-20-15-04-2020,,,8.0,miniImageNet,,,,,,,,,250.0,,15877.792018413546,,,,0.6775333333333332,18000.0,conv64-p-o,ProtoNetMHLNBS,40000.0,5.0,5.0,adam,few-shot learning,1.0,80.0,1000.0,15.0,D:\petrtsv\projects\ds\pytorch-sessions\ProtoNetMHLNBS\ProtoNetMHLNBS_634929-29-12-20-15-04-2020\checkpoint,ProtoNet with Mahalanobis distance Few-Shot Learning,ProtoNetMHLNBS_634929-29-12-20-15-04-2020,D:\petrtsv\projects\ds\pytorch-sessions\ProtoNetMHLNBS\ProtoNetMHLNBS_634929-29-12-20-15-04-2020\output,ProtoNetMHLNBS,D:\petrtsv\projects\ds\pytorch-sessions\ProtoNetMHLNBS\ProtoNetMHLNBS_634929-29-12-20-15-04-2020,,,,84.0,True,15.0,100.0
396,ProtoNetMHLNBS_848104-02-43-00-16-04-2020,,,8.0,miniImageNet,,,,,,,,,260.0,,16086.791085481644,,,,0.6988444444444442,16000.0,conv64-p-o,ProtoNetMHLNBS,40000.0,5.0,5.0,adam,few-shot learning,1.0,80.0,1000.0,15.0,D:\petrtsv\projects\ds\pytorch-sessions\ProtoNetMHLNBS\ProtoNetMHLNBS_848104-02-43-00-16-04-2020\checkpoint,ProtoNet with Mahalanobis distance Few-Shot Learning,ProtoNetMHLNBS_848104-02-43-00-16-04-2020,D:\petrtsv\projects\ds\pytorch-sessions\ProtoNetMHLNBS\ProtoNetMHLNBS_848104-02-43-00-16-04-2020\output,ProtoNetMHLNBS,D:\petrtsv\projects\ds\pytorch-sessions\ProtoNetMHLNBS\ProtoNetMHLNBS_848104-02-43-00-16-04-2020,,,,84.0,True,15.0,100.0
397,ProtoNetAE_144758-53-44-02-17-04-2020,,,4.0,miniImageNet,,,,,,,,,200.0,,24124.58716917038,,,,0.5059047619047617,69000.0,conv64-p-o,ProtoNetAE,80000.0,1.0,5.0,adam,few-shot learning,1.0,80.0,1000.0,15.0,D:\petrtsv\projects\ds\pytorch-sessions\ProtoNetAE\ProtoNetAE_144758-53-44-02-17-04-2020\checkpoint,ProtoNet + AE Loss Few-Shot Learning,ProtoNetAE_144758-53-44-02-17-04-2020,D:\petrtsv\projects\ds\pytorch-sessions\ProtoNetAE\ProtoNetAE_144758-53-44-02-17-04-2020\output,ProtoNetAE,D:\petrtsv\projects\ds\pytorch-sessions\ProtoNetAE\ProtoNetAE_144758-53-44-02-17-04-2020,,,,84.0,True,7.0,100.0
398,ProtoNetAE_904480-20-59-11-17-04-2020,,,4.0,miniImageNet,,,,,,,,,200.0,,33253.84034752846,,,,0.6743333333333339,25000.0,conv64-p-o,ProtoNetAE,80000.0,5.0,5.0,adam,few-shot learning,1.0,80.0,1000.0,15.0,D:\petrtsv\projects\ds\pytorch-sessions\ProtoNetAE\ProtoNetAE_904480-20-59-11-17-04-2020\checkpoint,ProtoNet + AE Loss Few-Shot Learning,ProtoNetAE_904480-20-59-11-17-04-2020,D:\petrtsv\projects\ds\pytorch-sessions\ProtoNetAE\ProtoNetAE_904480-20-59-11-17-04-2020\output,ProtoNetAE,D:\petrtsv\projects\ds\pytorch-sessions\ProtoNetAE\ProtoNetAE_904480-20-59-11-17-04-2020,,,,84.0,True,7.0,100.0
